,precio,shipping,product,customer,category,seller,order
0,232.99,86.85,5.0,31453.0,toys,21.0,31453.0
1,383.5,2.94,5.0,55708.0,technology,10.0,55708.0
2,386.75,114.9,6.0,44462.0,health,5.0,44462.0
3,692.0,46.76,8.0,19010.0,technology,2.0,19010.0
4,68.0,6.87,5.0,26541.0,toys,12.0,26541.0
5,111.27,49.72,12.0,52042.0,health,16.0,52042.0
6,389.89,5.24 real,1.0,60786.0,technology,12.0,60786.0
7,453.7,12.28,4.0,19639.0,health,4.0,19639.0
8,74.65,6.15 real,0.0,12554.0,technology,11.0,12554.0
9,247.99,31.33,9.0,15690.0,health,6.0,15690.0
10,261.0 R$,82.44,2.0,2840.0,TECHNOLOGY,1.0,2840.0
11,1899.0,20.9,2.0,45831.0,toys,9.0,45831.0
12,no_info,no_info,0.0,15880.0,no_info,0.0,15880.0
13,959.99,14.65 REAL BRASILEIRO,6.0,14773.0,SPORTS,15.0,14773.0
14,155.4,92.85,5.0,58506.0,technology,13.0,58506.0
15,109.82,25.87,11.0,58399.0,fashion,13.0,58399.0
16,59.49,10.98,3.0,39378.0,TECHNOLOGY,2.0,39378.0
17,17.68,10.31,9.0,27907.0,FASHION,23.0,27907.0
18,145.99,22.0,6.0,9301.0,fashion,9.0,9301.0
19,54.6,82.44,1.0,11277.0,toys,13.0,11277.0
20,102.28,42.49 r$,9.0,42630.0,health,12.0,42630.0
21,820.05,5.59,6.0,50923.0,fashion,6.0,50923.0
22,309.9,NONES,1.0,60620.0,FASHION,10.0,60620.0
23,52.9,24.11,1.0,43044.0,toys,20.0,43044.0
24,509.99,12.9,0.0,27085.0,toys,10.0,27085.0
25,820.05,5.59 reais,10.0,54240.0,fashion,15.0,54240.0
26,399.2,20.9,6.0,13818.0,HEALTH,21.0,13818.0
27,518.18,67.11,4.0,44518.0,sports,7.0,44518.0
28,91.33,44.68,11.0,9816.0,fashion,5.0,9816.0
29,345.6,60.07,15.0,16148.0,sports,17.0,16148.0
30,no_info,no_info,8.0,11446.0,nan,17.0,11446.0
31,nan,n/a,0.0,42255.0,nan,12.0,42255.0
32,18.04,42.05,0.0,3232.0,fashion,14.0,3232.0
33,42.89,30.66,2.0,48027.0,technology,22.0,48027.0
34,no_info,n/a,1.0,5108.0,technology,10.0,5108.0
35,41.58,38.7,2.0,204.0,TOYS,18.0,204.0
36,109.82,25.87,7.0,31899.0,fashion,9.0,31899.0
37,nan,49.91,4.0,17659.0,fashion,20.0,17659.0
38,335.99,63.2,4.0,45525.0,technology,8.0,45525.0
39,116.6,31.47,1.0,5507.0,health,8.0,5507.0
40,215.94,30.66,13.0,21850.0,health,12.0,21850.0
41,95.03 reais,89.36,17.0,54428.0,toys,9.0,54428.0
42,159.9,22.39,9.0,3814.0,toys,3.0,3814.0
43,NO_INFO,N/A,0.0,40768.0,NAN,1.0,40768.0
44,89.81,55.54,17.0,51603.0,toys,11.0,51603.0
45,8.8,34.33,2.0,29269.0,health,24.0,29269.0
46,18.1,64.41,2.0,7682.0,health,0.0,7682.0
47,36.5,30.66,0.0,23323.0,toys,17.0,23323.0
48,346.99,35.61,12.0,30823.0,n/a,17.0,30823.0
49,nones,n/a,9.0,17915.0,sports,12.0,17915.0
50,178.99,42.02,5.0,37622.0,toys,9.0,37622.0
51,357.0,57.73,11.0,14886.0,FASHION,3.0,14886.0
52,18.04,75.76,6.0,56596.0,fashion,20.0,56596.0
53,48.99,21.98,13.0,29335.0,sports,5.0,29335.0
54,58.99,12.86,0.0,11874.0,SPORTS,3.0,11874.0
55,59.21,47.55,8.0,16230.0,toys,22.0,16230.0
56,156.3,32.34,1.0,1003.0,HEALTH,5.0,1003.0
57,125.46,45.0,0.0,13435.0,n/a,22.0,13435.0
58,104.4,126.47,7.0,35418.0,fashion,1.0,35418.0
59,49.99,154.56,12.0,56937.0,toys,10.0,56937.0
60,378.98,23.6,2.0,54025.0,technology,1.0,54025.0
61,161.0,35.07,13.0,29571.0,toys,10.0,29571.0
62,849.5 real,71.02,12.0,57891.0,health,1.0,57891.0
63,481.0,29.51 Reais,4.0,16271.0,fashion,17.0,16271.0
64,404.88,62.88,9.0,5303.0,health,12.0,5303.0
65,100.0,18.41,4.0,19144.0,fashion,3.0,19144.0
66,NO_INFO,VALORES EM FALTA,4.0,13426.0,FASHION,0.0,13426.0
67,1001.0,61.03 reais,3.0,15700.0,technology,10.0,15700.0
68,28.58,61.16,11.0,35271.0,fashion,6.0,35271.0
69,258.76,47.55,0.0,22286.0,sports,9.0,22286.0
70,111.27,7.56,13.0,2080.0,technology,10.0,2080.0
71,18.1,64.35,16.0,43131.0,sports,1.0,43131.0
72,495.95,29.6,9.0,29633.0,FASHION,17.0,29633.0
73,820.0,23.71,6.0,33623.0,fashion,21.0,33623.0
74,155.97,149.66,0.0,51058.0,fashion,0.0,51058.0
75,128.99,8.37,6.0,47156.0,fashion,3.0,47156.0
76,420.07,39.75,2.0,56800.0,TOYS,13.0,56800.0
77,9.95,6.87,3.0,46282.0,fashion,12.0,46282.0
78,197.7,50.05,12.0,59247.0,sports,17.0,59247.0
79,117.56,32.34,3.0,19387.0,fashion,7.0,19387.0
80,329.22,6.87,12.0,5726.0,TOYS,10.0,5726.0
81,1549.0,45.27,4.0,42154.0,fashion,7.0,42154.0
82,155.5,20.9,0.0,42255.0,sports,12.0,42255.0
83,125.46 REAL,10.55,15.0,2396.0,SPORTS,0.0,2396.0
84,509.99,47.55,4.0,50646.0,technology,4.0,50646.0
85,56.89,227.57,9.0,19351.0,technology,21.0,19351.0
86,820.0,38.66 Real,10.0,35479.0,fashion,0.0,35479.0
87,42.89,50.28,9.0,53950.0,fashion,5.0,53950.0
88,161.0,6.15,0.0,26283.0,FASHION,1.0,26283.0
89,261.0 R$,133.85,1.0,61055.0,toys,22.0,61055.0
90,111.27,47.55,0.0,13457.0,fashion,16.0,13457.0
91,34.08,237.84,11.0,51883.0,fashion,5.0,51883.0
92,579.75,42.48,2.0,38213.0,sports,17.0,38213.0
93,358.99,41.82,4.0,15638.0,sports,13.0,15638.0
94,18.42,32.61,0.0,56210.0,fashion,21.0,56210.0
95,1899.0,6.87 REAIS,3.0,44821.0,FASHION,0.0,44821.0
96,509.99,20.9,16.0,42432.0,sports,10.0,42432.0
97,83.88,70.89,6.0,46128.0,technology,10.0,46128.0
98,23.1,valores em falta,5.0,48800.0,toys,17.0,48800.0
99,NAN,N/A,4.0,16783.0,FASHION,19.0,16783.0
100,159.9 Real,39.95,1.0,35249.0,fashion,1.0,35249.0
101,155.44,21.21,8.0,48340.0,technology,5.0,48340.0
102,329.93 Real,45.05,0.0,8056.0,technology,22.0,8056.0
103,1079.99,13.5,0.0,59897.0,technology,4.0,59897.0
104,71.8,12.59,9.0,18461.0,technology,24.0,18461.0
105,141.4,47.55,2.0,50955.0,toys,4.0,50955.0
106,849.5 real,71.02,12.0,57891.0,health,1.0,57891.0
107,0.85 real brasileiro,nones,16.0,4955.0,sports,1.0,4955.0
108,nones,valores em falta,0.0,55669.0,valores em falta,5.0,55669.0
109,76.9,34.03,13.0,11087.0,health,0.0,11087.0
110,71.8,12.59,4.0,27736.0,HEALTH,16.0,27736.0
111,44.95,62.02,9.0,28233.0,fashion,12.0,28233.0
112,56.89,133.85,1.0,33392.0,fashion,3.0,33392.0
113,24.1,7.52,13.0,47325.0,health,4.0,47325.0
114,113.49,57.21,14.0,11448.0,fashion,3.0,11448.0
115,201.4,14.54,4.0,42547.0,technology,7.0,42547.0
116,564.99,n/a,7.0,6237.0,health,16.0,6237.0
117,nones,14.25,9.0,25581.0,health,24.0,25581.0
118,310.99,29.34,6.0,452.0,technology,3.0,452.0
119,65.06,6.08,4.0,21547.0,health,19.0,21547.0
120,3.5,41.29,1.0,43724.0,fashion,20.0,43724.0
121,189.05,34.17 real brasileiro,1.0,58209.0,toys,10.0,58209.0
122,518.18,89.55,12.0,51968.0,health,3.0,51968.0
123,820.0,38.66 Real,10.0,35479.0,fashion,0.0,35479.0
124,184.65,47.55,9.0,46272.0,toys,5.0,46272.0
125,2130.0,133.52,1.0,42496.0,toys,1.0,42496.0
126,37.88,89.36,11.0,53949.0,fashion,14.0,53949.0
127,44.63,38.63,4.0,61039.0,fashion,3.0,61039.0
128,112.01,35.95 REAIS,0.0,6623.0,FASHION,10.0,6623.0
129,47.6,valores em falta,1.0,39011.0,fashion,8.0,39011.0
130,148.5,2.63 Real brasileiro,0.0,2213.0,technology,7.0,2213.0
131,48.95,8.52,1.0,43932.0,HEALTH,5.0,43932.0
132,106.6,34.7,4.0,55148.0,TECHNOLOGY,7.0,55148.0
133,198.5,62.97 r$,8.0,503.0,health,1.0,503.0
134,49.98,21.98,13.0,36883.0,technology,21.0,36883.0
135,56.89,38.63,14.0,25341.0,FASHION,9.0,25341.0
136,779.9,61.32,13.0,29279.0,TECHNOLOGY,12.0,29279.0
137,11.77 real,110.14,3.0,30566.0,fashion,3.0,30566.0
138,36.5,70.82,0.0,59335.0,fashion,10.0,59335.0
139,NONES,40.66,0.0,51885.0,TECHNOLOGY,1.0,51885.0
140,15.27 r$,34.33 real brasileiro,9.0,25041.0,fashion,3.0,25041.0
141,91.33,70.34 real,4.0,37391.0,technology,1.0,37391.0
142,72.4,14.59,8.0,8351.0,health,10.0,8351.0
143,234.83,48.58,12.0,39409.0,sports,17.0,39409.0
144,1623.9,69.13,3.0,13462.0,TECHNOLOGY,3.0,13462.0
145,56.89,93.14 REAL BRASILEIRO,3.0,8348.0,TECHNOLOGY,20.0,8348.0
146,729.99,47.55,1.0,6577.0,sports,5.0,6577.0
147,1029.99,16.06,5.0,20545.0,technology,8.0,20545.0
148,141.4,6.87,2.0,37646.0,sports,0.0,37646.0
149,188.8,19.2,0.0,20605.0,HEALTH,7.0,20605.0
150,123.49,14.43,9.0,14298.0,no_info,14.0,14298.0
151,17.95,33.25,5.0,9100.0,TOYS,13.0,9100.0
152,95.03,38.84,4.0,48913.0,fashion,12.0,48913.0
153,15.89,34.33,1.0,37267.0,sports,5.0,37267.0
154,236.52,19.86,4.0,54300.0,technology,8.0,54300.0
155,692.0,163.52 REAL BRASILEIRO,4.0,19585.0,FASHION,12.0,19585.0
156,692.0,46.76,12.0,44042.0,health,21.0,44042.0
157,24.1,32.34,10.0,38431.0,FASHION,22.0,38431.0
158,22.95,128.47,14.0,40510.0,fashion,5.0,40510.0
159,95.03,no_info,10.0,45190.0,fashion,17.0,45190.0
160,17.6,44.93,8.0,27855.0,technology,11.0,27855.0
161,34.36,2.75,0.0,61663.0,HEALTH,24.0,61663.0
162,nan,61.32,1.0,14185.0,technology,7.0,14185.0
163,125.46,20.67,6.0,15240.0,SPORTS,17.0,15240.0
164,107.63 real brasileiro,16.67,0.0,11017.0,toys,3.0,11017.0
165,359.5,87.77,1.0,55998.0,fashion,3.0,55998.0
166,42.79,3.83,9.0,57475.0,fashion,7.0,57475.0
167,128.65,22.56,13.0,20268.0,HEALTH,24.0,20268.0
168,194.0,28.61,6.0,11552.0,HEALTH,10.0,11552.0
169,564.99,20.9,8.0,29517.0,TOYS,9.0,29517.0
170,42.89,30.66,17.0,53434.0,toys,20.0,53434.0
171,95.03,50.92,0.0,46673.0,toys,9.0,46673.0
172,209.89 real,63.2,2.0,17585.0,toys,16.0,17585.0
173,395.6,27.98,7.0,27603.0,health,7.0,27603.0
174,223.0,32.34 real,7.0,18901.0,fashion,19.0,18901.0
175,160.75 REAL,15.55,4.0,46498.0,SPORTS,10.0,46498.0
176,49.38,66.93,10.0,38983.0,fashion,1.0,38983.0
177,valores em falta,nan,9.0,46986.0,valores em falta,23.0,46986.0
178,18.76,NONES,0.0,40768.0,NO_INFO,1.0,40768.0
179,nones,n/a,13.0,29571.0,valores em falta,10.0,29571.0
180,1899.0,no_info,9.0,4691.0,sports,7.0,4691.0
181,156.9,30.46 Real,2.0,32465.0,sports,7.0,32465.0
182,48.99,32.34,8.0,22540.0,technology,13.0,22540.0
183,1899.0,18.05,17.0,11534.0,TOYS,10.0,11534.0
184,341.4,55.54,6.0,6033.0,sports,23.0,6033.0
185,518.18,17.38,9.0,45431.0,health,12.0,45431.0
186,124.89,46.36,1.0,54255.0,fashion,5.0,54255.0
187,215.42,13.92,2.0,63030.0,HEALTH,24.0,63030.0
188,159.99 r$,62.6,11.0,1190.0,fashion,5.0,1190.0
189,182.9,36.51 Reais,2.0,53550.0,health,6.0,53550.0
190,34.08,237.84,11.0,51883.0,no_info,5.0,51883.0
191,87.0,30.24,10.0,19801.0,fashion,15.0,19801.0
192,130.9,125.47,6.0,33809.0,technology,1.0,33809.0
193,155.4,92.85,5.0,58506.0,TECHNOLOGY,13.0,58506.0
194,28.82,38.39,14.0,53013.0,fashion,5.0,53013.0
195,109.82,6.08,10.0,12864.0,fashion,1.0,12864.0
196,820.0,55.54,13.0,30683.0,health,22.0,30683.0
197,56.89,50.83,9.0,46986.0,SPORTS,23.0,46986.0
198,N/A,NO_INFO,0.0,52146.0,TOYS,21.0,52146.0
199,509.99,47.55,0.0,53599.0,technology,24.0,53599.0
200,359.86,60.47,2.0,4280.0,technology,1.0,4280.0
201,124.89,33.24,2.0,60352.0,technology,5.0,60352.0
202,65.6,47.54,12.0,45786.0,SPORTS,2.0,45786.0
203,966.9,17.52,1.0,25915.0,health,7.0,25915.0
204,399.2 Real brasileiro,50.15,13.0,40226.0,technology,22.0,40226.0
205,343.0,60.74 Reais,0.0,53826.0,health,22.0,53826.0
206,218.36 REAIS,3.04,0.0,51569.0,N/A,11.0,51569.0
207,34.36,2.75,0.0,61663.0,HEALTH,24.0,61663.0
208,357.0,35.46,1.0,5108.0,TECHNOLOGY,10.0,5108.0
209,56.89 REAIS,82.12 R$,9.0,36137.0,HEALTH,20.0,36137.0
210,159.9,nan,9.0,3814.0,toys,3.0,3814.0
211,212.9 real,26.14,5.0,33505.0,technology,24.0,33505.0
212,61.97,78.2,9.0,7009.0,fashion,21.0,7009.0
213,13.7,23.05 REAL BRASILEIRO,8.0,22229.0,TOYS,5.0,22229.0
214,420.07,77.92,4.0,45165.0,fashion,3.0,45165.0
215,1899.0,6.87 REAIS,3.0,44821.0,FASHION,0.0,44821.0
216,valores em falta,valores em falta,3.0,44821.0,nones,0.0,44821.0
217,311.0,46.13,0.0,3572.0,health,3.0,3572.0
218,509.99,39.68,3.0,15705.0,TECHNOLOGY,7.0,15705.0
219,42.89,0.69,2.0,14371.0,toys,9.0,14371.0
220,231.27,7.27,1.0,19246.0,TECHNOLOGY,11.0,19246.0
221,18.69,7.52,5.0,58532.0,TOYS,18.0,58532.0
222,142.14,65.56,2.0,243.0,toys,19.0,243.0
223,62.83,36.8 Real,3.0,34848.0,fashion,9.0,34848.0
224,17.95,33.91,4.0,13426.0,FASHION,0.0,13426.0
225,78.5,41.87,2.0,2685.0,health,5.0,2685.0
226,1750.0,37.91,0.0,45984.0,health,7.0,45984.0
227,0.85,7.54,0.0,41447.0,fashion,20.0,41447.0
228,679.0,61.3,9.0,49130.0,sports,3.0,49130.0
229,111.27,16.59,16.0,47921.0,sports,3.0,47921.0
230,198.5,9.21,13.0,21141.0,toys,4.0,21141.0
231,56.89 real brasileiro,21.19,2.0,61985.0,sports,10.0,61985.0
232,42.89,52.83,0.0,28554.0,FASHION,14.0,28554.0
233,319.29,339.59,2.0,31462.0,toys,20.0,31462.0
234,23.1,47.92,10.0,35315.0,FASHION,7.0,35315.0
235,820.05,23.71,8.0,23861.0,toys,11.0,23861.0
236,73.02,69.22,15.0,2129.0,sports,5.0,2129.0
237,102.28,42.49 r$,9.0,42630.0,health,12.0,42630.0
238,47.33,32.88,0.0,28093.0,HEALTH,5.0,28093.0
239,820.0,55.54,13.0,30683.0,health,22.0,30683.0
240,nones,nones,10.0,35315.0,valores em falta,7.0,35315.0
241,75.25 reais,38.92,16.0,56552.0,sports,0.0,56552.0
242,89.21 Real brasileiro,38.66,3.0,19272.0,fashion,5.0,19272.0
243,509.99 Real brasileiro,5.88,10.0,32902.0,fashion,6.0,32902.0
244,28.55,38.6,7.0,58804.0,HEALTH,7.0,58804.0
245,100.0,32.8,2.0,28144.0,health,6.0,28144.0
246,nones,no_info,12.0,45895.0,no_info,13.0,45895.0
247,820.0,60.07,9.0,34617.0,technology,5.0,34617.0
248,107.63,35.75,5.0,20813.0,technology,0.0,20813.0
249,395.6,33.9,1.0,29176.0,health,1.0,29176.0
250,137.88,33.9,9.0,45226.0,TOYS,0.0,45226.0
251,959.99,49.52,9.0,56073.0,technology,5.0,56073.0
252,252.99,38.63,2.0,46058.0,technology,7.0,46058.0
253,170.7,30.01,17.0,43882.0,toys,5.0,43882.0
254,4099.99,41.41,16.0,57216.0,sports,7.0,57216.0
255,valores em falta,n/a,10.0,19801.0,fashion,15.0,19801.0
256,820.05,6.15,3.0,56392.0,TECHNOLOGY,10.0,56392.0
257,15.27,150.8,3.0,59065.0,toys,20.0,59065.0
258,167.0,89.73,6.0,1351.0,sports,3.0,1351.0
259,52.0,61.32,7.0,31193.0,fashion,10.0,31193.0
260,109.6,6.08,1.0,18940.0,HEALTH,1.0,18940.0
261,n/a,56.11,6.0,54567.0,valores em falta,16.0,54567.0
262,15.89,34.33,1.0,37267.0,sports,5.0,37267.0
263,44.95,34.82,12.0,15837.0,toys,4.0,15837.0
264,26.77 Real,49.05 Reais,1.0,9273.0,fashion,17.0,9273.0
265,509.99,NONES,6.0,20502.0,NO_INFO,22.0,20502.0
266,181.56,30.66 real brasileiro,13.0,54907.0,toys,1.0,54907.0
267,no_info,valores em falta,5.0,37084.0,nones,10.0,37084.0
268,12.19,73.11,9.0,32222.0,fashion,12.0,32222.0
269,17.6,26.23,11.0,5113.0,fashion,14.0,5113.0
270,108.9,23.6,4.0,12968.0,TECHNOLOGY,16.0,12968.0
271,777.0,23.17,0.0,56850.0,HEALTH,10.0,56850.0
272,175.25,valores em falta,2.0,27355.0,nones,22.0,27355.0
273,1094.04 reais,109.73,9.0,30757.0,health,19.0,30757.0
274,399.2,20.9,11.0,4662.0,FASHION,1.0,4662.0
275,107.63,35.75,5.0,20813.0,technology,0.0,20813.0
276,126.69,47.55,2.0,21207.0,technology,10.0,21207.0
277,83.36,60.07 r$,9.0,54061.0,fashion,17.0,54061.0
278,2130.0 r$,16.59,0.0,55109.0,technology,21.0,55109.0
279,28.78,34.33,3.0,56322.0,fashion,23.0,56322.0
280,26.99,23.6,10.0,20327.0,fashion,6.0,20327.0
281,95.17,23.7,3.0,36175.0,technology,5.0,36175.0
282,820.05,32.34,1.0,50826.0,TECHNOLOGY,16.0,50826.0
283,73.97,32.86,6.0,46653.0,TECHNOLOGY,10.0,46653.0
284,1589.0,38.66 r$,1.0,45344.0,technology,1.0,45344.0
285,99.2 REAL,19.93,5.0,57669.0,TECHNOLOGY,7.0,57669.0
286,220.33,55.54,0.0,44463.0,toys,20.0,44463.0
287,199.6,56.11,13.0,1225.0,sports,10.0,1225.0
288,420.07,78.07,3.0,39702.0,toys,11.0,39702.0
289,692.0,82.01,12.0,63422.0,health,8.0,63422.0
290,18.1 REAL,7.88 R$,13.0,17528.0,TECHNOLOGY,16.0,17528.0
291,95.03 real,4.34,12.0,45058.0,health,1.0,45058.0
292,VALORES EM FALTA,NAN,2.0,31841.0,VALORES EM FALTA,12.0,31841.0
293,89.81,55.54,17.0,51603.0,TOYS,11.0,51603.0
294,692.0,163.52 real brasileiro,4.0,19585.0,fashion,12.0,19585.0
295,95.03,57.81,0.0,52572.0,HEALTH,5.0,52572.0
296,128.99,12.59,5.0,32144.0,technology,10.0,32144.0
297,319.29,21.91,12.0,31226.0,toys,5.0,31226.0
298,161.0,38.63,14.0,47386.0,fashion,10.0,47386.0
299,124.89,46.36,1.0,54255.0,fashion,5.0,54255.0
300,58.1,29.96,4.0,43971.0,technology,2.0,43971.0
301,109.82,77.92,17.0,17671.0,toys,1.0,17671.0
302,65.06,63.2,7.0,28929.0,fashion,14.0,28929.0
303,83.36,47.55,1.0,21522.0,valores em falta,22.0,21522.0
304,399.2,47.55,15.0,25770.0,sports,1.0,25770.0
305,99.35 REAL,46.87,0.0,1659.0,FASHION,1.0,1659.0
306,1299.99,34.29 real,14.0,62414.0,fashion,23.0,62414.0
307,640.0,78.84 REAIS,7.0,15515.0,HEALTH,3.0,15515.0
308,18.04,42.05,0.0,3232.0,FASHION,14.0,3232.0
309,197.7,50.05,12.0,59247.0,sports,17.0,59247.0
310,194.0,20.91,1.0,40543.0,fashion,14.0,40543.0
311,28.82,134.25,4.0,50979.0,fashion,1.0,50979.0
312,1055.9,61.1,8.0,20884.0,HEALTH,19.0,20884.0
313,137.88,47.55,13.0,13542.0,sports,8.0,13542.0
314,109.82,4.52,2.0,35099.0,sports,0.0,35099.0
315,142.0,13.08,9.0,51901.0,technology,12.0,51901.0
316,45.9 reais,123.95,4.0,55908.0,fashion,5.0,55908.0
317,N/A,NONES,1.0,60620.0,VALORES EM FALTA,10.0,60620.0
318,588.5,149.66,1.0,9602.0,technology,3.0,9602.0
319,399.2,67.11,2.0,4198.0,TECHNOLOGY,10.0,4198.0
320,694.65,43.33,5.0,2737.0,TOYS,16.0,2737.0
321,420.07,78.07,3.0,39702.0,toys,11.0,39702.0
322,59.21,47.55,8.0,16230.0,TOYS,22.0,16230.0
323,58.1,46.22,9.0,15341.0,fashion,19.0,15341.0
324,44.63,38.63,4.0,61039.0,fashion,3.0,61039.0
325,3.49,6.87,16.0,60812.0,SPORTS,10.0,60812.0
326,188.8,44.4,1.0,63525.0,technology,0.0,63525.0
327,95.03,60.35 R$,12.0,63145.0,HEALTH,11.0,63145.0
328,1094.04,57.41,1.0,53993.0,fashion,7.0,53993.0
329,91.33,53.36,12.0,49109.0,toys,7.0,49109.0
330,40.85,3.84,2.0,12212.0,technology,1.0,12212.0
331,32.8,20.77,4.0,45760.0,technology,8.0,45760.0
332,22.97,30.66,6.0,59028.0,fashion,17.0,59028.0
333,184.65,47.55,9.0,46272.0,toys,5.0,46272.0
334,640.0,26.52 real brasileiro,5.0,41557.0,toys,20.0,41557.0
335,113.49,9.49,1.0,38300.0,toys,21.0,38300.0
336,413.6,14.61,9.0,6965.0,technology,3.0,6965.0
337,56.89,16.32,3.0,31294.0,fashion,13.0,31294.0
338,NO_INFO,VALORES EM FALTA,4.0,31567.0,NONES,19.0,31567.0
339,VALORES EM FALTA,NO_INFO,12.0,52312.0,VALORES EM FALTA,23.0,52312.0
340,42.3,101.63,7.0,28177.0,fashion,9.0,28177.0
341,26.77,3.81,10.0,16146.0,FASHION,3.0,16146.0
342,109.6,6.08,1.0,18940.0,health,1.0,18940.0
343,182.9 r$,67.11,2.0,51687.0,technology,8.0,51687.0
344,71.8,24.23,9.0,38061.0,toys,10.0,38061.0
345,148.5,12.01,13.0,13644.0,toys,16.0,13644.0
346,128.99,69.21,7.0,16824.0,fashion,7.0,16824.0
347,58.1,321.46 REAL BRASILEIRO,3.0,43409.0,FASHION,3.0,43409.0
348,34.0,n/a,13.0,9414.0,toys,4.0,9414.0
349,969.99,141.36,15.0,38083.0,sports,17.0,38083.0
350,1899.0,20.9,6.0,18256.0,technology,1.0,18256.0
351,148.5,8.32,7.0,55377.0,fashion,14.0,55377.0
352,95.03,89.36,10.0,45190.0,fashion,17.0,45190.0
353,28.82,30.5,4.0,18476.0,fashion,5.0,18476.0
354,319.29,61.74,2.0,49681.0,technology,3.0,49681.0
355,137.88,29.05,9.0,56445.0,SPORTS,4.0,56445.0
356,265.9,47.32,2.0,13497.0,health,1.0,13497.0
357,167.0,32.34,9.0,50066.0,HEALTH,5.0,50066.0
358,128.99,29.07,2.0,6653.0,sports,4.0,6653.0
359,420.07,20.9,9.0,6805.0,toys,10.0,6805.0
360,199.6,56.11,13.0,1225.0,sports,10.0,1225.0
361,236.52,30.69,17.0,39714.0,TOYS,22.0,39714.0
362,820.05,5.59 REAIS,10.0,54240.0,FASHION,15.0,54240.0
363,15.27,56.56,14.0,54406.0,fashion,0.0,54406.0
364,692.0,46.76,1.0,37087.0,fashion,0.0,37087.0
365,1899.0,20.9,6.0,18256.0,technology,1.0,18256.0
366,100.0,32.8,2.0,28144.0,HEALTH,6.0,28144.0
367,55.15,49.27,1.0,61010.0,fashion,1.0,61010.0
368,879.33,7.94,2.0,50128.0,technology,4.0,50128.0
369,34.0,12.22,0.0,28637.0,fashion,5.0,28637.0
370,91.33,31.74,8.0,7827.0,health,4.0,7827.0
371,106.74,15.95,14.0,46106.0,fashion,0.0,46106.0
372,100.0,64.26,14.0,25575.0,N/A,20.0,25575.0
373,19.65,55.8,9.0,36089.0,fashion,22.0,36089.0
374,113.3,91.24,0.0,40059.0,health,11.0,40059.0
375,67.9,38.51 r$,16.0,52769.0,sports,9.0,52769.0
376,95.17,23.7,0.0,17812.0,fashion,14.0,17812.0
377,117.56,21.88,6.0,57865.0,technology,16.0,57865.0
378,161.0,35.07,13.0,29571.0,toys,10.0,29571.0
379,376.0,53.22,10.0,58941.0,fashion,15.0,58941.0
380,56.89,133.85,1.0,33392.0,FASHION,3.0,33392.0
381,4099.99,76.76,5.0,19395.0,TECHNOLOGY,22.0,19395.0
382,14.1,12.28,12.0,47429.0,HEALTH,17.0,47429.0
383,56.89,45.85 R$,0.0,57421.0,technology,3.0,57421.0
384,72.4,14.59,8.0,8351.0,health,10.0,8351.0
385,517.65,8.09,5.0,14001.0,technology,10.0,14001.0
386,211.91,29.41,1.0,17722.0,technology,16.0,17722.0
387,188.8,19.2,0.0,20605.0,HEALTH,7.0,20605.0
388,n/a,valores em falta,16.0,45823.0,sports,3.0,45823.0
389,509.99,22.18 REAL BRASILEIRO,3.0,49351.0,FASHION,16.0,49351.0
390,108.9,23.6,4.0,12968.0,technology,16.0,12968.0
391,1094.04 Reais,109.73,9.0,30757.0,health,19.0,30757.0
392,258.99,valores em falta,9.0,25099.0,valores em falta,10.0,25099.0
393,nan,nones,4.0,14990.0,valores em falta,7.0,14990.0
394,127.77,55.95,6.0,10662.0,health,9.0,10662.0
395,194.0,0.07,6.0,37433.0,health,5.0,37433.0
396,no_info,95.82,17.0,12734.0,no_info,18.0,12734.0
397,820.05,38.66,4.0,53659.0,SPORTS,23.0,53659.0
398,valores em falta,nones,12.0,51968.0,nones,3.0,51968.0
399,399.2,55.54,8.0,4131.0,technology,12.0,4131.0
400,55.83,41.0,6.0,8839.0,HEALTH,3.0,8839.0
401,55.83,14.9,9.0,2221.0,technology,10.0,2221.0
402,127.77,27.2,10.0,17285.0,fashion,1.0,17285.0
403,28.55,38.98,4.0,32516.0,fashion,5.0,32516.0
404,107.63,19.96,1.0,57755.0,TECHNOLOGY,22.0,57755.0
405,383.5,2.94,5.0,55708.0,technology,10.0,55708.0
406,475.0 REAIS,50.28 REAIS,4.0,27195.0,HEALTH,7.0,27195.0
407,144.89,38.66,9.0,33410.0,TOYS,3.0,33410.0
408,95.03,56.65,8.0,55089.0,toys,10.0,55089.0
409,266.55,32.34,3.0,4898.0,fashion,16.0,4898.0
410,389.89,5.24 Real,1.0,60786.0,technology,12.0,60786.0
411,56.89,227.57,8.0,36938.0,toys,7.0,36938.0
412,18.04,20.33 REAIS,9.0,56406.0,FASHION,13.0,56406.0
413,692.0,46.76,1.0,37087.0,fashion,0.0,37087.0
414,37.72,18.4,0.0,60355.0,technology,5.0,60355.0
415,NO_INFO,NAN,13.0,55223.0,NAN,13.0,55223.0
416,95.03,59.62,3.0,23268.0,TOYS,3.0,23268.0
417,438.99 REAL BRASILEIRO,17.14,8.0,54997.0,TECHNOLOGY,11.0,54997.0
418,399.2 R$,11.33,12.0,52312.0,sports,23.0,52312.0
419,257.6,31.33,2.0,57166.0,TECHNOLOGY,22.0,57166.0
420,83.36,13.92 real brasileiro,8.0,42047.0,technology,3.0,42047.0
421,820.05,6.08,13.0,10385.0,valores em falta,17.0,10385.0
422,117.56,21.88,6.0,57865.0,TECHNOLOGY,16.0,57865.0
423,95.03,43.65,1.0,15864.0,SPORTS,7.0,15864.0
424,27.8,29.76,2.0,588.0,toys,5.0,588.0
425,8.33,23.6,14.0,24691.0,fashion,3.0,24691.0
426,34.0,12.22,0.0,28637.0,FASHION,5.0,28637.0
427,15.89,30.66,4.0,17862.0,technology,3.0,17862.0
428,777.0,23.17,0.0,56850.0,HEALTH,10.0,56850.0
429,111.27,47.55,0.0,13457.0,fashion,16.0,13457.0
430,185.6,21.82,10.0,5266.0,fashion,21.0,5266.0
431,115.7,6.87,5.0,8653.0,TECHNOLOGY,0.0,8653.0
432,239.8,69.82,8.0,60166.0,health,8.0,60166.0
433,valores em falta,17.44,4.0,50144.0,fashion,23.0,50144.0
434,319.29,nones,2.0,31462.0,nan,20.0,31462.0
435,89.1,4.8,0.0,23355.0,n/a,20.0,23355.0
436,509.99,22.18 real brasileiro,3.0,49351.0,fashion,16.0,49351.0
437,n/a,47.55,2.0,28444.0,toys,20.0,28444.0
438,0.85,nones,6.0,61453.0,fashion,3.0,61453.0
439,33.41,7.82,8.0,29158.0,health,22.0,29158.0
440,712.9,45.86,2.0,1925.0,TECHNOLOGY,5.0,1925.0
441,55.83,40.47,4.0,61250.0,TECHNOLOGY,3.0,61250.0
442,218.36 real,3.04,9.0,6553.0,technology,0.0,6553.0
443,222.98,61.44,16.0,9155.0,sports,6.0,9155.0
444,187.97,52.85,2.0,24232.0,health,4.0,24232.0
445,113.49,9.49,1.0,38300.0,toys,21.0,38300.0
446,389.89,6.08,2.0,62254.0,toys,21.0,62254.0
447,966.9 r$,10.05,1.0,52132.0,technology,5.0,52132.0
448,278.5,106.77,0.0,52041.0,sports,12.0,52041.0
449,252.99 real,2.18,0.0,45321.0,sports,3.0,45321.0
450,2899.0,96.55,6.0,19891.0,technology,1.0,19891.0
451,72.4,13.8,4.0,20536.0,health,11.0,20536.0
452,692.0 r$,28.69,16.0,26056.0,sports,12.0,26056.0
453,NONES,133.52,1.0,42496.0,VALORES EM FALTA,1.0,42496.0
454,453.7,4.85,6.0,4451.0,sports,16.0,4451.0
455,161.0,32.34,5.0,14390.0,TOYS,5.0,14390.0
456,95.03 Reais,14.25,8.0,50688.0,toys,3.0,50688.0
457,107.63,51.05,1.0,709.0,fashion,10.0,709.0
458,159.9,22.39,9.0,3814.0,toys,3.0,3814.0
459,8.8,123.8,4.0,22059.0,fashion,19.0,22059.0
460,1122.0,11.39,0.0,57734.0,technology,7.0,57734.0
461,282.0,49.91,4.0,17659.0,fashion,20.0,17659.0
462,213.0,47.73,13.0,44567.0,toys,4.0,44567.0
463,335.99,18.56,4.0,44361.0,technology,3.0,44361.0
464,310.99,valores em falta,6.0,452.0,technology,3.0,452.0
465,359.5,87.77,1.0,55998.0,FASHION,3.0,55998.0
466,68.1,38.23,13.0,48893.0,TECHNOLOGY,6.0,48893.0
467,1890.0,35.73,5.0,9707.0,toys,24.0,9707.0
468,NONES,VALORES EM FALTA,6.0,51550.0,NAN,9.0,51550.0
469,419.9,21.26,0.0,19001.0,health,9.0,19001.0
470,VALORES EM FALTA,NONES,10.0,22812.0,NAN,10.0,22812.0
471,26.77,20.81,8.0,55086.0,technology,21.0,55086.0
472,264.5,60.07,9.0,37162.0,toys,1.0,37162.0
473,95.03,59.62,3.0,6929.0,fashion,15.0,6929.0
474,nones,n/a,13.0,2080.0,n/a,10.0,2080.0
475,649.75,77.37,5.0,55592.0,technology,22.0,55592.0
476,145.99,10.85,9.0,28398.0,technology,1.0,28398.0
477,37.88,89.36,11.0,53949.0,fashion,14.0,53949.0
478,49.38,58.65,8.0,36810.0,health,22.0,36810.0
479,135.13,12.28,12.0,42827.0,sports,12.0,42827.0
480,128.99,6.31 real,13.0,22359.0,technology,5.0,22359.0
481,52.0,61.32,7.0,31193.0,FASHION,10.0,31193.0
482,187.5,52.79,6.0,51550.0,fashion,9.0,51550.0
483,56.89,7.56,3.0,39908.0,FASHION,17.0,39908.0
484,55.83 REAIS,126.47,9.0,47483.0,TOYS,12.0,47483.0
485,26.77,99.88 reais,3.0,48530.0,fashion,19.0,48530.0
486,26.91,24.97,12.0,26275.0,toys,9.0,26275.0
487,37.84,50.74,2.0,61175.0,TECHNOLOGY,0.0,61175.0
488,56.89 Reais,valores em falta,9.0,36137.0,nones,20.0,36137.0
489,99.35,126.47,6.0,46210.0,health,7.0,46210.0
490,24.79,32.34,1.0,52205.0,FASHION,5.0,52205.0
491,125.0,126.29,4.0,2084.0,fashion,3.0,2084.0
492,170.7,38.66,3.0,11068.0,fashion,5.0,11068.0
493,119.5,13.17,8.0,11446.0,TECHNOLOGY,17.0,11446.0
494,782.25,30.74,0.0,2083.0,technology,10.0,2083.0
495,266.55,50.28,9.0,33984.0,fashion,19.0,33984.0
496,150.82 R$,32.86,0.0,13105.0,HEALTH,7.0,13105.0
497,62.83,67.42,11.0,17939.0,FASHION,9.0,17939.0
498,849.5,42.02,4.0,5966.0,SPORTS,5.0,5966.0
499,383.5,n/a,5.0,55708.0,nones,10.0,55708.0
500,61.97,78.2,9.0,7009.0,fashion,21.0,7009.0
501,56.89,7.54,4.0,49055.0,sports,1.0,49055.0
502,357.0,35.46,1.0,5108.0,TECHNOLOGY,10.0,5108.0
503,597.89,42.17,4.0,31567.0,fashion,19.0,31567.0
504,126.69,47.55 REAIS,3.0,49863.0,FASHION,7.0,49863.0
505,valores em falta,14.41,0.0,57675.0,technology,1.0,57675.0
506,50.4,7.94,9.0,51966.0,technology,22.0,51966.0
507,92.5,28.79 reais,12.0,932.0,sports,1.0,932.0
508,71.8,12.59,4.0,27736.0,HEALTH,16.0,27736.0
509,17.95,33.25,5.0,9100.0,toys,13.0,9100.0
510,97.44,50.28,4.0,16783.0,fashion,19.0,16783.0
511,28.96 r$,0.0,9.0,59819.0,fashion,12.0,59819.0
512,399.2,11.09 REAL BRASILEIRO,1.0,28871.0,SPORTS,3.0,28871.0
513,130.9,125.47,6.0,33809.0,technology,1.0,33809.0
514,0.85,9.49,0.0,55257.0,fashion,1.0,55257.0
515,514.0,32.83,6.0,48365.0,technology,3.0,48365.0
516,170.7,38.66,3.0,11068.0,FASHION,5.0,11068.0
517,48.65,58.88 R$,13.0,61263.0,TOYS,5.0,61263.0
518,34.0,13.5,13.0,9414.0,toys,4.0,9414.0
519,116.11,67.11,6.0,54020.0,fashion,8.0,54020.0
520,966.9,nan,8.0,35978.0,technology,8.0,35978.0
521,184.9 R$,45.73,7.0,35024.0,FASHION,8.0,35024.0
522,23.1,31.99,0.0,39364.0,fashion,10.0,39364.0
523,18.1,64.35,16.0,43131.0,sports,1.0,43131.0
524,125.46,22.18,12.0,62543.0,TOYS,9.0,62543.0
525,188.8,44.5,13.0,43524.0,sports,17.0,43524.0
526,42.89,22.47 R$,14.0,52003.0,fashion,3.0,52003.0
527,44.63,11.39,6.0,36273.0,HEALTH,4.0,36273.0
528,95.17,23.7,3.0,36175.0,TECHNOLOGY,5.0,36175.0
529,319.29,21.91,12.0,31226.0,toys,5.0,31226.0
530,457.99,14.68,4.0,40065.0,FASHION,22.0,40065.0
531,141.4,47.55,2.0,50955.0,TOYS,4.0,50955.0
532,188.8 reais,143.67,0.0,62937.0,fashion,5.0,62937.0
533,0.85,82.12,11.0,20580.0,fashion,5.0,20580.0
534,8.49,133.37,3.0,20727.0,no_info,8.0,20727.0
535,292.9,125.78,10.0,26175.0,fashion,23.0,26175.0
536,564.99,104.98,7.0,6237.0,health,16.0,6237.0
537,1001.0,38.66,4.0,3442.0,TECHNOLOGY,1.0,3442.0
538,65.06,13.92,1.0,9939.0,toys,10.0,9939.0
539,nones,no_info,10.0,59434.0,nan,3.0,59434.0
540,4099.99,53.16 R$,3.0,31253.0,toys,18.0,31253.0
541,54.16,29.05,4.0,46733.0,fashion,3.0,46733.0
542,236.52,92.03,5.0,37621.0,TECHNOLOGY,8.0,37621.0
543,76.6,34.33,0.0,34629.0,fashion,22.0,34629.0
544,58.1,29.96,4.0,43971.0,technology,2.0,43971.0
545,517.65,40.73,4.0,22071.0,sports,7.0,22071.0
546,548.35,32.34 R$,16.0,54830.0,sports,17.0,54830.0
547,142.14,54.51,14.0,59081.0,fashion,1.0,59081.0
548,valores em falta,29.69 reais,0.0,55669.0,nones,5.0,55669.0
549,58.1,61.25,4.0,47825.0,fashion,0.0,47825.0
550,79.89,3.71,3.0,28701.0,technology,13.0,28701.0
551,123.9,56.11,6.0,54567.0,SPORTS,16.0,54567.0
552,102.28,74.2,16.0,45823.0,SPORTS,3.0,45823.0
553,509.99,55.54,5.0,53537.0,technology,17.0,53537.0
554,128.99,8.37,6.0,47156.0,fashion,3.0,47156.0
555,517.65,8.09,5.0,14001.0,technology,10.0,14001.0
556,345.6,60.07,15.0,16148.0,sports,17.0,16148.0
557,376.0,18.76,1.0,41219.0,sports,22.0,41219.0
558,34.0,24.79 real,1.0,47651.0,technology,3.0,47651.0
559,153.75,55.54,5.0,29009.0,toys,1.0,29009.0
560,18.1,19.65,1.0,14408.0,fashion,5.0,14408.0
561,376.0,29.72,2.0,44408.0,sports,1.0,44408.0
562,2799.65,52.64,8.0,54614.0,TECHNOLOGY,20.0,54614.0
563,386.75,nan,6.0,44462.0,health,5.0,44462.0
564,148.5,2.63 real brasileiro,0.0,2213.0,technology,7.0,2213.0
565,564.99,20.51,1.0,40455.0,technology,22.0,40455.0
566,42.89,55.54,9.0,3874.0,fashion,7.0,3874.0
567,453.7,55.54,3.0,57122.0,technology,3.0,57122.0
568,509.99,17.38,9.0,15682.0,FASHION,15.0,15682.0
569,319.29,33.22,9.0,32695.0,health,11.0,32695.0
570,304.99 real brasileiro,6.87,11.0,24998.0,fashion,1.0,24998.0
571,999.87,32.34,6.0,43940.0,health,7.0,43940.0
572,245.7,14.76,12.0,18278.0,sports,23.0,18278.0
573,139.79 Real brasileiro,6.54,9.0,32110.0,health,7.0,32110.0
574,271.0,6.08,5.0,13845.0,TOYS,5.0,13845.0
575,319.29,33.22,9.0,32695.0,health,11.0,32695.0
576,100.0,56.92,2.0,19987.0,health,19.0,19987.0
577,161.0,38.63,9.0,59276.0,FASHION,16.0,59276.0
578,261.0,62.92,1.0,51053.0,TECHNOLOGY,21.0,51053.0
579,95.03,60.35 R$,12.0,63145.0,HEALTH,11.0,63145.0
580,399.2,58.38,13.0,29290.0,sports,17.0,29290.0
581,2130.0,14.01,8.0,6844.0,toys,22.0,6844.0
582,43.97,28.61,4.0,24863.0,health,1.0,24863.0
583,55.83,40.47,4.0,61250.0,technology,3.0,61250.0
584,959.99,14.65 Real brasileiro,6.0,14773.0,sports,15.0,14773.0
585,113.49,57.21,14.0,11448.0,FASHION,3.0,11448.0
586,149.91,32.4,7.0,10047.0,health,21.0,10047.0
587,266.55,50.28,9.0,33984.0,fashion,19.0,33984.0
588,0.85 real brasileiro,29.68,16.0,4955.0,sports,1.0,4955.0
589,319.29 real,36.46,0.0,36396.0,technology,3.0,36396.0
590,42.89,2.46,4.0,39309.0,health,5.0,39309.0
591,218.36 REAIS,3.04,0.0,51569.0,TECHNOLOGY,11.0,51569.0
592,56.89 Reais,82.12 R$,9.0,36137.0,health,20.0,36137.0
593,26.91,24.97,12.0,26275.0,TOYS,9.0,26275.0
594,1001.0,38.66,4.0,3442.0,technology,1.0,3442.0
595,4099.99,76.76,5.0,19395.0,technology,22.0,19395.0
596,518.18,67.11,4.0,44518.0,sports,7.0,44518.0
597,231.27 Reais,63.86,1.0,24817.0,toys,7.0,24817.0
598,42.89,30.66,17.0,53434.0,toys,20.0,53434.0
599,2130.0 r$,16.59,0.0,55109.0,technology,21.0,55109.0
600,78.73,54.04,1.0,16693.0,fashion,8.0,16693.0
601,18.04 r$,63.92,11.0,21813.0,fashion,15.0,21813.0
602,1899.0,32.34,9.0,4691.0,sports,7.0,4691.0
603,539.92,9.87,15.0,19177.0,SPORTS,0.0,19177.0
604,194.0,0.07,6.0,37433.0,health,5.0,37433.0
605,97.07,13.25,9.0,134.0,TECHNOLOGY,13.0,134.0
606,67.9,38.51 R$,16.0,52769.0,SPORTS,9.0,52769.0
607,98.44,14.18,13.0,6777.0,TOYS,5.0,6777.0
608,692.0,2.75 reais,1.0,32347.0,toys,5.0,32347.0
609,399.2 r$,2.46,3.0,12781.0,fashion,10.0,12781.0
610,31.99,34.4,3.0,29479.0,fashion,17.0,29479.0
611,47.06,82.12,15.0,16535.0,sports,7.0,16535.0
612,111.27,12.28,8.0,62328.0,technology,7.0,62328.0
613,2899.0,20.9,12.0,15438.0,sports,0.0,15438.0
614,no_info,30.5,4.0,18476.0,fashion,5.0,18476.0
615,valores em falta,nan,9.0,41025.0,no_info,3.0,41025.0
616,223.51 r$,27.2 r$,8.0,6389.0,technology,7.0,6389.0
617,145.99,11.33,6.0,62504.0,health,11.0,62504.0
618,97.88 reais,33.35,6.0,40730.0,technology,5.0,40730.0
619,68.2 REAIS,47.55,13.0,11665.0,HEALTH,0.0,11665.0
620,820.05,32.95 R$,3.0,19720.0,FASHION,5.0,19720.0
621,420.07,77.92,4.0,45165.0,fashion,3.0,45165.0
622,34.08,62.6,2.0,8343.0,health,16.0,8343.0
623,28.96 R$,0.0,9.0,59819.0,nan,12.0,59819.0
624,74.9,7.86,0.0,4762.0,HEALTH,3.0,4762.0
625,509.99,12.9,0.0,27085.0,toys,10.0,27085.0
626,99.35,126.47,6.0,46210.0,health,7.0,46210.0
627,692.0,2.75 R$,6.0,39311.0,fashion,0.0,39311.0
628,692.0 real,48.34,0.0,40965.0,fashion,7.0,40965.0
629,45.83,24.79,7.0,36200.0,health,17.0,36200.0
630,1094.04,104.08,9.0,35500.0,HEALTH,7.0,35500.0
631,22.3,12.06,12.0,56386.0,sports,4.0,56386.0
632,399.2 r$,11.33,12.0,52312.0,sports,23.0,52312.0
633,37.69,36.8,9.0,54745.0,TOYS,1.0,54745.0
634,49.99,82.93,9.0,17565.0,SPORTS,8.0,17565.0
635,139.79,47.35,0.0,41138.0,technology,17.0,41138.0
636,490.9,1.87,12.0,33165.0,sports,5.0,33165.0
637,89.21,50.28,6.0,292.0,FASHION,15.0,292.0
638,76.6,34.33,0.0,34629.0,fashion,22.0,34629.0
639,58.1,46.22,9.0,15341.0,fashion,19.0,15341.0
640,399.2,50.43,5.0,25967.0,TECHNOLOGY,16.0,25967.0
641,162.38,20.9,13.0,43505.0,toys,22.0,43505.0
642,24.1,32.34,10.0,38431.0,fashion,22.0,38431.0
643,nones,nan,1.0,29639.0,no_info,1.0,29639.0
644,288.75,124.54,8.0,24194.0,toys,19.0,24194.0
645,125.46,23.88,4.0,61467.0,fashion,5.0,61467.0
646,66.0,12.01,1.0,15665.0,toys,10.0,15665.0
647,22.0,67.6,8.0,29507.0,TOYS,0.0,29507.0
648,514.0,NO_INFO,6.0,3745.0,HEALTH,9.0,3745.0
649,42.89,32.34,1.0,1650.0,sports,6.0,1650.0
650,8.33,23.6,14.0,24691.0,fashion,3.0,24691.0
651,966.9 R$,10.05,1.0,52132.0,technology,5.0,52132.0
652,40.8,48.1,6.0,302.0,health,12.0,302.0
653,no_info,72.67,1.0,53723.0,n/a,23.0,53723.0
654,399.2,20.9,6.0,13818.0,HEALTH,21.0,13818.0
655,149.91,32.4,7.0,10047.0,health,21.0,10047.0
656,453.7,12.28,4.0,19639.0,no_info,4.0,19639.0
657,358.99,41.82,4.0,15638.0,sports,13.0,15638.0
658,60.63 REAIS,17.44,4.0,21119.0,HEALTH,7.0,21119.0
659,71.25 real,13.58,8.0,38052.0,toys,1.0,38052.0
660,3.49,6.87,16.0,60812.0,SPORTS,10.0,60812.0
661,359.5,67.99,1.0,57066.0,technology,3.0,57066.0
662,224.9,11.4,0.0,42339.0,health,5.0,42339.0
663,820.05,6.08,13.0,10385.0,TECHNOLOGY,17.0,10385.0
664,820.0,23.71,9.0,47272.0,fashion,1.0,47272.0
665,49.38,82.93,10.0,17071.0,fashion,19.0,17071.0
666,56.89,18.4,9.0,61748.0,fashion,8.0,61748.0
667,150.82 r$,32.86,0.0,13105.0,health,7.0,13105.0
668,29.97,113.45,1.0,31887.0,fashion,5.0,31887.0
669,404.88,174.49,9.0,23194.0,HEALTH,16.0,23194.0
670,820.0,60.07,9.0,34617.0,technology,5.0,34617.0
671,126.69,38.66,17.0,47209.0,TOYS,3.0,47209.0
672,18.69,7.52,5.0,58532.0,toys,18.0,58532.0
673,419.9,50.28,4.0,3975.0,fashion,3.0,3975.0
674,120.38,46.68,9.0,50021.0,FASHION,21.0,50021.0
675,109.82,29.68,6.0,46364.0,fashion,6.0,46364.0
676,367.0,32.34,4.0,8518.0,SPORTS,6.0,8518.0
677,9.95,6.87,3.0,46282.0,fashion,12.0,46282.0
678,750.0,64.93,1.0,25290.0,technology,1.0,25290.0
679,188.8,6.87 real,8.0,34814.0,health,5.0,34814.0
680,245.7,14.76,12.0,18278.0,N/A,23.0,18278.0
681,159.9,4.24 Reais,2.0,30402.0,technology,11.0,30402.0
682,19.79,68.88,0.0,24907.0,fashion,0.0,24907.0
683,151.99,14.59,7.0,60292.0,fashion,20.0,60292.0
684,155.97,149.66,0.0,51058.0,fashion,0.0,51058.0
685,399.2,36.97,4.0,27288.0,NAN,13.0,27288.0
686,71.8,24.23,9.0,38061.0,toys,10.0,38061.0
687,117.56 r$,61.32,6.0,13294.0,fashion,10.0,13294.0
688,509.99,6.08,0.0,36812.0,TECHNOLOGY,11.0,36812.0
689,36.5,30.66,10.0,18858.0,fashion,7.0,18858.0
690,966.9 real brasileiro,58.49 reais,5.0,33955.0,technology,20.0,33955.0
691,101.75,34.31,6.0,51214.0,health,5.0,51214.0
692,548.35,32.34 r$,16.0,54830.0,sports,17.0,54830.0
693,145.9,72.67,6.0,11664.0,technology,10.0,11664.0
694,849.5,53.64,2.0,4620.0,HEALTH,3.0,4620.0
695,1001.0,61.03 REAIS,3.0,15700.0,N/A,10.0,15700.0
696,692.0,46.76,1.0,20544.0,health,16.0,20544.0
697,198.5,9.21,4.0,50383.0,technology,9.0,50383.0
698,100.0,18.41,4.0,19144.0,fashion,3.0,19144.0
699,128.99,27.77 REAL,5.0,52637.0,TECHNOLOGY,24.0,52637.0
700,109.82,23.6,14.0,52519.0,no_info,10.0,52519.0
701,38.48 reais,87.83,6.0,38399.0,fashion,19.0,38399.0
702,403.9,110.14,2.0,13096.0,toys,0.0,13096.0
703,79.7,16.52,14.0,17028.0,fashion,19.0,17028.0
704,692.0,48.82,16.0,41086.0,SPORTS,16.0,41086.0
705,100.0,123.02,2.0,24516.0,toys,1.0,24516.0
706,18.04,111.38,14.0,42127.0,fashion,15.0,42127.0
707,231.27,43.28,9.0,38595.0,fashion,6.0,38595.0
708,107.63 real brasileiro,21.22,8.0,50628.0,toys,0.0,50628.0
709,18.42,60.4,5.0,20194.0,TOYS,10.0,20194.0
710,156.3,61.32,1.0,14185.0,technology,7.0,14185.0
711,18.42,60.4,5.0,20194.0,toys,10.0,20194.0
712,valores em falta,n/a,4.0,62618.0,technology,10.0,62618.0
713,97.44,50.28,4.0,16783.0,FASHION,19.0,16783.0
714,10.18 r$,41.54,3.0,57388.0,fashion,7.0,57388.0
715,220.33,44.26,3.0,50246.0,fashion,14.0,50246.0
716,802.14,37.29,0.0,43416.0,fashion,15.0,43416.0
717,215.5,20.26,2.0,190.0,SPORTS,9.0,190.0
718,94.88,56.66,12.0,17393.0,HEALTH,7.0,17393.0
719,549.9,38.58,0.0,12301.0,sports,21.0,12301.0
720,150.82,36.04,9.0,1279.0,TECHNOLOGY,7.0,1279.0
721,128.99 r$,104.51,4.0,54845.0,fashion,15.0,54845.0
722,62.83,2.21,1.0,48594.0,health,5.0,48594.0
723,34.39,nones,6.0,28230.0,nones,15.0,28230.0
724,46.2,113.01,7.0,31282.0,fashion,15.0,31282.0
725,692.0,46.76,4.0,62892.0,sports,10.0,62892.0
726,182.9 R$,67.11,2.0,51687.0,TECHNOLOGY,8.0,51687.0
727,254.9,73.11,1.0,9933.0,fashion,5.0,9933.0
728,18.04,21.65,14.0,35166.0,fashion,6.0,35166.0
729,3.5,47.55,6.0,17229.0,fashion,0.0,17229.0
730,438.99,49.93,9.0,4819.0,SPORTS,1.0,4819.0
731,49.97,57.41,9.0,48011.0,technology,13.0,48011.0
732,95.03,50.92,0.0,46673.0,TOYS,9.0,46673.0
733,719.0,140.52,3.0,7106.0,TECHNOLOGY,17.0,7106.0
734,820.0,38.66,4.0,11216.0,health,8.0,11216.0
735,24.1,7.52,13.0,47325.0,health,4.0,47325.0
736,54.16,29.05,4.0,46733.0,fashion,3.0,46733.0
737,28.58,61.16,11.0,35271.0,fashion,6.0,35271.0
738,529.9,47.55,12.0,17312.0,toys,1.0,17312.0
739,n/a,38.48,0.0,52146.0,toys,21.0,52146.0
740,529.9,47.55,12.0,17312.0,TOYS,1.0,17312.0
741,376.0,29.72,2.0,44408.0,SPORTS,1.0,44408.0
742,108.9,38.63,14.0,21106.0,FASHION,0.0,21106.0
743,209.89 real,63.2,2.0,17585.0,toys,16.0,17585.0
744,161.25,132.94,2.0,31376.0,SPORTS,2.0,31376.0
745,56.89,97.74,3.0,7164.0,toys,10.0,7164.0
746,10.1,8.55,9.0,32100.0,fashion,0.0,32100.0
747,185.94 reais,52.93,15.0,41040.0,sports,1.0,41040.0
748,91.33,70.34 real,4.0,37391.0,technology,1.0,37391.0
749,820.05,5.59,6.0,50923.0,FASHION,6.0,50923.0
750,29.4,47.55,14.0,7776.0,FASHION,5.0,7776.0
751,167.68,40.33,12.0,20707.0,sports,21.0,20707.0
752,314.91,86.34,2.0,44679.0,technology,9.0,44679.0
753,319.99 R$,15.22,9.0,23670.0,technology,11.0,23670.0
754,220.33,17.44,4.0,50144.0,FASHION,23.0,50144.0
755,148.5,12.01,13.0,13644.0,toys,16.0,13644.0
756,1589.0,38.66,4.0,42525.0,FASHION,23.0,42525.0
757,358.8,65.03,2.0,39661.0,sports,21.0,39661.0
758,95.03,39.84 REAL,12.0,157.0,HEALTH,10.0,157.0
759,47.6,12.28,1.0,39011.0,fashion,8.0,39011.0
760,89.1,38.15,12.0,9747.0,TOYS,1.0,9747.0
761,78.73,38.98,1.0,27241.0,toys,1.0,27241.0
762,NONES,95.42,1.0,22545.0,N/A,22.0,22545.0
763,597.89,42.17,4.0,31567.0,fashion,19.0,31567.0
764,517.65,nones,5.0,14001.0,valores em falta,10.0,14001.0
765,no_info,nones,13.0,6777.0,nan,5.0,6777.0
766,13.87,59.63,17.0,3909.0,toys,3.0,3909.0
767,44.95,34.82,12.0,15837.0,toys,4.0,15837.0
768,40.33,30.66,9.0,46141.0,fashion,0.0,46141.0
769,18.42,32.61,0.0,56210.0,fashion,21.0,56210.0
770,77.07,21.31,8.0,38044.0,technology,12.0,38044.0
771,111.27,49.72,12.0,52042.0,health,16.0,52042.0
772,201.0,17.64,0.0,46666.0,no_info,10.0,46666.0
773,820.0,32.34,0.0,41437.0,TECHNOLOGY,0.0,41437.0
774,53.65,NONES,4.0,11241.0,VALORES EM FALTA,3.0,11241.0
775,26.77,35.92,12.0,32063.0,SPORTS,5.0,32063.0
776,137.3,66.83 reais,7.0,27601.0,fashion,3.0,27601.0
777,4099.99,44.73,7.0,20815.0,FASHION,22.0,20815.0
778,366.4,35.99,7.0,48771.0,HEALTH,4.0,48771.0
779,no_info,valores em falta,12.0,39505.0,toys,19.0,39505.0
780,156.9,30.46 Real,2.0,32465.0,sports,7.0,32465.0
781,79.8,81.42,3.0,14850.0,technology,7.0,14850.0
782,34.39,42.12,6.0,28230.0,fashion,15.0,28230.0
783,106.6,34.7,4.0,55148.0,technology,7.0,55148.0
784,100.0,123.02,2.0,24516.0,toys,1.0,24516.0
785,71.25,41.85,3.0,23966.0,fashion,8.0,23966.0
786,n/a,22.18 real brasileiro,3.0,49351.0,n/a,16.0,49351.0
787,258.99,49.26,9.0,25099.0,toys,10.0,25099.0
788,2400.0,47.61,0.0,34618.0,sports,17.0,34618.0
789,137.88,47.55,13.0,13542.0,sports,8.0,13542.0
790,403.9,30.66,12.0,4374.0,toys,8.0,4374.0
791,22.95,128.47,14.0,40510.0,fashion,5.0,40510.0
792,87.0,11.09,3.0,44016.0,fashion,6.0,44016.0
793,820.05,23.71,8.0,23861.0,toys,11.0,23861.0
794,517.65,54.36,8.0,62509.0,HEALTH,5.0,62509.0
795,n/a,nan,3.0,14850.0,valores em falta,7.0,14850.0
796,106.6,39.91,0.0,19422.0,FASHION,9.0,19422.0
797,201.0,17.64,0.0,46666.0,fashion,10.0,46666.0
798,26.68,36.72,1.0,31720.0,fashion,0.0,31720.0
799,159.99 R$,62.6,11.0,1190.0,FASHION,5.0,1190.0
800,56.89,16.29,3.0,30407.0,fashion,9.0,30407.0
801,145.99,22.0,6.0,9301.0,FASHION,9.0,9301.0
802,404.88,174.49,9.0,23194.0,health,16.0,23194.0
803,0.85,31.33,3.0,53243.0,fashion,8.0,53243.0
804,399.2,30.66,4.0,1999.0,TECHNOLOGY,12.0,1999.0
805,91.33,22.56,5.0,37084.0,toys,10.0,37084.0
806,nan,29.31,3.0,22129.0,technology,5.0,22129.0
807,142.0,13.08,9.0,51901.0,no_info,12.0,51901.0
808,399.2 Real brasileiro,50.15,13.0,40226.0,technology,22.0,40226.0
809,247.99,31.33,9.0,15690.0,health,6.0,15690.0
810,420.07,41.41,10.0,11511.0,FASHION,12.0,11511.0
811,639.0,48.35,1.0,35923.0,health,19.0,35923.0
812,84.55,NO_INFO,1.0,36249.0,N/A,20.0,36249.0
813,89.56,72.16,9.0,43001.0,FASHION,13.0,43001.0
814,NAN,125.66 R$,6.0,17807.0,SPORTS,13.0,17807.0
815,0.85,11.39,4.0,9584.0,technology,11.0,9584.0
816,404.88,62.88,9.0,5303.0,HEALTH,12.0,5303.0
817,367.0,32.34,4.0,8518.0,sports,6.0,8518.0
818,127.77,55.95,6.0,10662.0,HEALTH,9.0,10662.0
819,16.89,16.23,6.0,11785.0,FASHION,5.0,11785.0
820,107.63 real brasileiro,26.02,10.0,37623.0,fashion,14.0,37623.0
821,124.89,33.24,2.0,60352.0,technology,5.0,60352.0
822,valores em falta,nan,1.0,50341.0,n/a,1.0,50341.0
823,15.94,valores em falta,14.0,32160.0,n/a,15.0,32160.0
824,17.33,18.01,4.0,41115.0,fashion,3.0,41115.0
825,34.39,42.12,6.0,28230.0,fashion,15.0,28230.0
826,66.0,47.5,3.0,20846.0,toys,10.0,20846.0
827,91.33,38.48,1.0,32330.0,fashion,1.0,32330.0
828,820.0,32.34,6.0,3294.0,fashion,23.0,3294.0
829,966.9,1.05 reais,6.0,41011.0,fashion,5.0,41011.0
830,344.0,83.54,4.0,39027.0,health,1.0,39027.0
831,222.9,16.53,10.0,59757.0,fashion,7.0,59757.0
832,222.98,69.96,14.0,7460.0,fashion,20.0,7460.0
833,282.0,14.68,2.0,1696.0,SPORTS,5.0,1696.0
834,15.27,6.87,9.0,59724.0,sports,8.0,59724.0
835,245.7,valores em falta,12.0,18278.0,nan,23.0,18278.0
836,782.25,25.85,1.0,14874.0,fashion,14.0,14874.0
837,217.91,6.87,8.0,3672.0,technology,3.0,3672.0
838,14.5,24.23,6.0,61033.0,technology,8.0,61033.0
839,1277.5,51.05 Reais,1.0,5973.0,sports,21.0,5973.0
840,78.73,nones,1.0,16693.0,fashion,8.0,16693.0
841,no_info,nones,5.0,20813.0,no_info,0.0,20813.0
842,59.49,10.98,3.0,39378.0,technology,2.0,39378.0
843,257.6,31.33,2.0,57166.0,TECHNOLOGY,22.0,57166.0
844,148.44,7.94,8.0,57563.0,health,12.0,57563.0
845,28.55,133.52,6.0,23487.0,health,1.0,23487.0
846,125.46,23.88,4.0,61467.0,fashion,5.0,61467.0
847,238.64,34.33,0.0,22685.0,TOYS,21.0,22685.0
848,15.94,21.8,14.0,32160.0,fashion,15.0,32160.0
849,128.9,70.82,0.0,39272.0,FASHION,7.0,39272.0
850,399.2,50.43,5.0,25967.0,technology,16.0,25967.0
851,411.0,67.26,13.0,31945.0,technology,3.0,31945.0
852,8.49,133.37,3.0,20727.0,fashion,8.0,20727.0
853,395.6,33.9,1.0,29176.0,HEALTH,1.0,29176.0
854,548.35,47.55,4.0,2315.0,sports,23.0,2315.0
855,NAN,NONES,1.0,28871.0,SPORTS,3.0,28871.0
856,150.82,36.04,9.0,1279.0,technology,7.0,1279.0
857,181.56,26.72,5.0,684.0,toys,8.0,684.0
858,518.18,17.38,9.0,45431.0,HEALTH,12.0,45431.0
859,89.1,4.8,0.0,23355.0,fashion,20.0,23355.0
860,175.25,33.03,2.0,27355.0,SPORTS,22.0,27355.0
861,261.0,62.92,1.0,51053.0,technology,21.0,51053.0
862,148.44,n/a,8.0,57563.0,health,12.0,57563.0
863,152.72,10.85,4.0,31798.0,sports,6.0,31798.0
864,23.1,31.99,0.0,39364.0,fashion,10.0,39364.0
865,419.9,89.34,17.0,26757.0,toys,16.0,26757.0
866,26.99,23.6,10.0,20327.0,fashion,6.0,20327.0
867,89.21,18.4,3.0,56237.0,fashion,15.0,56237.0
868,182.9,29.68,4.0,1787.0,sports,23.0,1787.0
869,518.18,38.66 r$,8.0,25952.0,toys,1.0,25952.0
870,116.11 r$,5.59,13.0,46687.0,technology,17.0,46687.0
871,109.82,25.87,7.0,31899.0,fashion,9.0,31899.0
872,145.69,61.32,14.0,11006.0,fashion,10.0,11006.0
873,279.77,45.57,1.0,41753.0,HEALTH,13.0,41753.0
874,34.0,63.11 real brasileiro,0.0,52459.0,fashion,16.0,52459.0
875,55.83,64.41,1.0,52112.0,fashion,21.0,52112.0
876,26.77,3.81,10.0,16146.0,fashion,3.0,16146.0
877,509.99,17.38,13.0,14246.0,toys,13.0,14246.0
878,15.27,150.8,3.0,59065.0,toys,20.0,59065.0
879,44.95,62.02,9.0,28233.0,fashion,12.0,28233.0
880,16.89,16.23,6.0,11785.0,fashion,5.0,11785.0
881,367.0,5.59,13.0,56383.0,sports,17.0,56383.0
882,459.99,64.98,6.0,51003.0,health,10.0,51003.0
883,95.17,23.7,0.0,17812.0,fashion,14.0,17812.0
884,1590.0,63.79,14.0,2641.0,FASHION,20.0,2641.0
885,79.43 real brasileiro,60.61,0.0,59887.0,fashion,8.0,59887.0
886,849.5,18.72,12.0,45911.0,toys,24.0,45911.0
887,28.55,NO_INFO,6.0,23487.0,NO_INFO,1.0,23487.0
888,142.14,65.56,2.0,243.0,toys,19.0,243.0
889,42.89,32.34,8.0,12846.0,toys,10.0,12846.0
890,91.33,22.56,5.0,37084.0,toys,10.0,37084.0
891,399.2,11.09 real brasileiro,1.0,28871.0,sports,3.0,28871.0
892,1549.0,45.27,4.0,42154.0,FASHION,7.0,42154.0
893,167.0,32.34,9.0,50066.0,health,5.0,50066.0
894,56.89,16.32,3.0,31294.0,fashion,13.0,31294.0
895,49.97,57.41,9.0,48011.0,technology,13.0,48011.0
896,1299.99,34.29 real,14.0,62414.0,fashion,23.0,62414.0
897,26.77,35.92,12.0,32063.0,sports,5.0,32063.0
898,15.89,valores em falta,1.0,37267.0,no_info,5.0,37267.0
899,34.0,63.11 real brasileiro,0.0,52459.0,fashion,16.0,52459.0
900,36.5,1.64,10.0,37192.0,FASHION,10.0,37192.0
901,42.89,47.55,4.0,26247.0,fashion,20.0,26247.0
902,31.99,34.4,3.0,29479.0,FASHION,17.0,29479.0
903,136.9,37.16,3.0,45423.0,technology,9.0,45423.0
904,78.73,49.26,0.0,15880.0,technology,0.0,15880.0
905,399.2,47.55,9.0,53356.0,toys,5.0,53356.0
906,49.38,58.65,8.0,36810.0,health,22.0,36810.0
907,valores em falta,nones,2.0,55435.0,health,3.0,55435.0
908,419.9,70.82,3.0,27054.0,toys,3.0,27054.0
909,26.99,30.66,7.0,53223.0,FASHION,22.0,53223.0
910,95.03,37.68,7.0,56617.0,fashion,14.0,56617.0
911,136.9,78.84,11.0,61463.0,fashion,7.0,61463.0
912,nan,4.8,0.0,23355.0,nan,20.0,23355.0
913,148.97 real brasileiro,139.18,14.0,48194.0,fashion,16.0,48194.0
914,1099.99,17.91,7.0,8125.0,health,11.0,8125.0
915,107.63,31.94,7.0,11275.0,fashion,10.0,11275.0
916,56.7,1.64,7.0,20641.0,health,0.0,20641.0
917,23.1,nones,2.0,55435.0,health,3.0,55435.0
918,1375.0,59.82,4.0,29463.0,health,20.0,29463.0
919,181.56,26.72,5.0,684.0,toys,8.0,684.0
920,1102.39,57.81,9.0,41025.0,health,3.0,41025.0
921,128.99,101.57,8.0,56295.0,health,4.0,56295.0
922,376.0,18.76,1.0,41219.0,SPORTS,22.0,41219.0
923,109.6,6.08,1.0,60279.0,SPORTS,7.0,60279.0
924,29.97,113.45,1.0,31887.0,fashion,5.0,31887.0
925,343.0,60.74 Reais,0.0,53826.0,health,22.0,53826.0
926,nan,n/a,0.0,57675.0,nones,1.0,57675.0
927,161.0,38.63,14.0,47386.0,fashion,10.0,47386.0
928,44.95,44.33,13.0,3740.0,toys,20.0,3740.0
929,1750.0,37.91,0.0,45984.0,health,7.0,45984.0
930,15.27,56.56,14.0,54406.0,fashion,0.0,54406.0
931,420.07,30.72,16.0,2134.0,SPORTS,5.0,2134.0
932,1060.0,15.17,1.0,17085.0,technology,10.0,17085.0
933,19.65,55.8,9.0,36089.0,fashion,22.0,36089.0
934,valores em falta,valores em falta,3.0,15705.0,nan,7.0,15705.0
935,66.0,47.5,3.0,20846.0,toys,10.0,20846.0
936,319.29,40.66,0.0,51885.0,TECHNOLOGY,1.0,51885.0
937,509.99,55.54,5.0,53537.0,TECHNOLOGY,17.0,53537.0
938,125.46,22.18,12.0,62543.0,TOYS,9.0,62543.0
939,144.97,34.33,1.0,50341.0,TECHNOLOGY,1.0,50341.0
940,58.1,86.8,0.0,14936.0,fashion,7.0,14936.0
941,2899.0,20.9,12.0,15438.0,sports,0.0,15438.0
942,76.6,55.54,0.0,47584.0,fashion,7.0,47584.0
943,38.48 Reais,87.83,6.0,38399.0,fashion,19.0,38399.0
944,161.0,38.63,9.0,59276.0,fashion,16.0,59276.0
945,2400.0,47.61,0.0,34618.0,SPORTS,17.0,34618.0
946,319.29,214.86,0.0,34624.0,health,9.0,34624.0
947,42.89 Real brasileiro,47.55,15.0,53111.0,sports,3.0,53111.0
948,n/a,24.79,7.0,36200.0,nan,17.0,36200.0
949,68.0,6.87,12.0,1506.0,health,10.0,1506.0
950,59.41,29.31,3.0,22129.0,technology,5.0,22129.0
951,28.55,163.52,9.0,18838.0,TECHNOLOGY,4.0,18838.0
952,164.98,72.67,7.0,19824.0,fashion,13.0,19824.0
953,258.76,47.55,0.0,22286.0,sports,9.0,22286.0
954,849.98,47.55,12.0,8598.0,toys,20.0,8598.0
955,18.1,64.41,2.0,7682.0,health,0.0,7682.0
956,12.19,73.11,9.0,32222.0,fashion,12.0,32222.0
957,217.91,valores em falta,8.0,3672.0,no_info,3.0,3672.0
958,145.99,161.82,4.0,39446.0,fashion,5.0,39446.0
959,692.0,46.76,4.0,62892.0,sports,10.0,62892.0
960,53.7,53.22,3.0,62768.0,fashion,14.0,62768.0
961,71.25,41.85,3.0,23966.0,FASHION,8.0,23966.0
962,101.45,11.23,13.0,52348.0,technology,7.0,52348.0
963,146.65,61.58,9.0,62112.0,sports,5.0,62112.0
964,399.2,36.97,4.0,27288.0,fashion,13.0,27288.0
965,128.99,27.77 real,5.0,52637.0,technology,24.0,52637.0
966,849.98,47.55,12.0,8598.0,toys,20.0,8598.0
967,nones,nan,2.0,49681.0,valores em falta,3.0,49681.0
968,18.1 REAL,7.88 R$,13.0,17528.0,TECHNOLOGY,16.0,17528.0
969,266.55,61.32,13.0,62881.0,SPORTS,10.0,62881.0
970,95.03,14.68,4.0,50660.0,technology,0.0,50660.0
971,220.99,47.86,13.0,55223.0,toys,13.0,55223.0
972,548.0,38.39,2.0,44731.0,health,5.0,44731.0
973,70.23,2.46 Real brasileiro,3.0,30703.0,technology,3.0,30703.0
974,518.18,53.29,9.0,44198.0,toys,1.0,44198.0
975,100.0,6.38,9.0,8366.0,toys,8.0,8366.0
976,399.2,47.55,13.0,52095.0,technology,6.0,52095.0
977,820.0 R$,47.04,1.0,49143.0,technology,10.0,49143.0
978,n/a,13.92,2.0,63030.0,health,24.0,63030.0
979,22.3,12.06,12.0,56386.0,SPORTS,4.0,56386.0
980,564.99,20.51,1.0,40455.0,technology,22.0,40455.0
981,509.99,47.55,12.0,4821.0,toys,19.0,4821.0
982,53.99 Reais,67.11,14.0,40329.0,fashion,8.0,40329.0
983,100.0 Real brasileiro,26.02,9.0,14252.0,toys,17.0,14252.0
984,299.99,5.93,1.0,61672.0,SPORTS,9.0,61672.0
985,182.9,25.12,9.0,54354.0,toys,9.0,54354.0
986,18.42,38.45,6.0,19509.0,fashion,9.0,19509.0
987,820.0 r$,nan,1.0,49143.0,technology,10.0,49143.0
988,344.0,22.0,9.0,7595.0,health,20.0,7595.0
989,182.9,25.12,9.0,54354.0,toys,9.0,54354.0
990,55.55,17.38,4.0,7401.0,sports,1.0,7401.0
991,79.8,17.0 Reais,12.0,15437.0,toys,10.0,15437.0
992,150.82,72.67,1.0,6093.0,toys,7.0,6093.0
993,142.14,54.51,14.0,59081.0,fashion,1.0,59081.0
994,514.0,57.3,6.0,3745.0,health,9.0,3745.0
995,35.35,25.4,1.0,31796.0,FASHION,12.0,31796.0
996,389.89,6.08,2.0,62254.0,toys,21.0,62254.0
997,252.99,50.83,9.0,23356.0,technology,16.0,23356.0
998,136.9,78.84,11.0,61463.0,FASHION,7.0,61463.0
999,820.05,31.0,9.0,16432.0,sports,8.0,16432.0
1000,37.13,13.51,6.0,61320.0,TECHNOLOGY,6.0,61320.0
1001,56.89,50.83 real brasileiro,7.0,46040.0,fashion,3.0,46040.0
1002,36.5,30.66,10.0,18858.0,FASHION,7.0,18858.0
1003,213.0,32.62 r$,1.0,4718.0,toys,24.0,4718.0
1004,15.94,21.8,14.0,32160.0,FASHION,15.0,32160.0
1005,4099.99,44.73,7.0,20815.0,FASHION,22.0,20815.0
1006,1094.04,58.02,8.0,27313.0,technology,2.0,27313.0
1007,42.89,38.66,4.0,62618.0,technology,10.0,62618.0
1008,2799.65 REAIS,35.95,9.0,46275.0,HEALTH,24.0,46275.0
1009,76.9,13.51,1.0,31437.0,toys,13.0,31437.0
1010,218.36 Real,3.04,9.0,6553.0,technology,0.0,6553.0
1011,153.99,52.08,1.0,29639.0,fashion,1.0,29639.0
1012,357.0,57.73,11.0,14886.0,fashion,3.0,14886.0
1013,264.5,60.07,9.0,37162.0,toys,1.0,37162.0
1014,358.8,65.03,2.0,39661.0,sports,21.0,39661.0
1015,110.65,47.55,3.0,63173.0,technology,22.0,63173.0
1016,6.1,9.39,1.0,20864.0,fashion,22.0,20864.0
1017,188.8 REAIS,143.67,0.0,62937.0,FASHION,5.0,62937.0
1018,692.0 real,48.34,0.0,40965.0,fashion,7.0,40965.0
1019,148.97 Real brasileiro,139.18,14.0,48194.0,fashion,16.0,48194.0
1020,58.1,41.84,13.0,1514.0,health,7.0,1514.0
1021,53.7,53.22,3.0,62768.0,fashion,14.0,62768.0
1022,109.82,23.6,14.0,52519.0,fashion,10.0,52519.0
1023,749.99,58.14,2.0,54983.0,technology,3.0,54983.0
1024,692.0,11.36,7.0,18.0,health,1.0,18.0
1025,153.75,32.34,3.0,22078.0,TOYS,21.0,22078.0
1026,56.89,97.74,3.0,7164.0,toys,10.0,7164.0
1027,319.99 R$,15.22,9.0,23670.0,TECHNOLOGY,11.0,23670.0
1028,399.2,161.82,10.0,10489.0,fashion,8.0,10489.0
1029,15.27,6.87,9.0,59724.0,sports,8.0,59724.0
1030,100.0,64.26,14.0,25575.0,fashion,20.0,25575.0
1031,106.74,46.71,6.0,1212.0,fashion,21.0,1212.0
1032,107.63 real brasileiro,21.22,8.0,50628.0,toys,0.0,50628.0
1033,692.0,78.42,8.0,18357.0,health,17.0,18357.0
1034,28.82,9.1,13.0,37116.0,technology,10.0,37116.0
1035,valores em falta,n/a,10.0,54240.0,valores em falta,15.0,54240.0
1036,376.0,53.22,10.0,58941.0,fashion,15.0,58941.0
1037,399.2 r$,22.18,1.0,61616.0,technology,13.0,61616.0
1038,454.99,13.92,2.0,58759.0,TECHNOLOGY,20.0,58759.0
1039,692.0,6.08,13.0,27701.0,sports,8.0,27701.0
1040,179.38,21.82,1.0,33376.0,sports,9.0,33376.0
1041,36.5,47.55,16.0,38719.0,sports,2.0,38719.0
1042,538.9,71.22,4.0,57872.0,technology,6.0,57872.0
1043,28.55,38.98,4.0,32516.0,fashion,5.0,32516.0
1044,128.99,6.31 REAL,13.0,22359.0,TECHNOLOGY,5.0,22359.0
1045,110.65,47.55,3.0,63173.0,technology,22.0,63173.0
1046,588.5,149.66,1.0,9602.0,nones,3.0,9602.0
1047,509.99,6.08,0.0,36812.0,TECHNOLOGY,11.0,36812.0
1048,220.33,55.54,0.0,44463.0,toys,20.0,44463.0
1049,13.97,37.33,14.0,27762.0,fashion,7.0,27762.0
1050,38.48,18.54,0.0,7975.0,sports,6.0,7975.0
1051,95.03,56.65,3.0,8572.0,technology,10.0,8572.0
1052,189.99,47.61,4.0,22269.0,health,20.0,22269.0
1053,288.75,124.54,8.0,24194.0,toys,19.0,24194.0
1054,33.57,99.34,1.0,14944.0,fashion,17.0,14944.0
1055,344.0,83.54,4.0,39027.0,HEALTH,1.0,39027.0
1056,95.03,59.62,3.0,23268.0,toys,3.0,23268.0
1057,74.5,137.13,13.0,38851.0,HEALTH,11.0,38851.0
1058,48.4,69.37 REAIS,4.0,8874.0,SPORTS,6.0,8874.0
1059,80.0,30.66,14.0,30027.0,FASHION,8.0,30027.0
1060,359.6,22.56,8.0,19827.0,technology,22.0,19827.0
1061,252.99 REAL,2.18,0.0,45321.0,SPORTS,3.0,45321.0
1062,548.35,47.55,4.0,2315.0,sports,23.0,2315.0
1063,820.05,70.34,4.0,61537.0,TECHNOLOGY,20.0,61537.0
1064,125.46,35.01,6.0,22480.0,FASHION,17.0,22480.0
1065,23.1,47.92,10.0,35315.0,fashion,7.0,35315.0
1066,NAN,NO_INFO,16.0,60812.0,NAN,10.0,60812.0
1067,54.6,82.44,1.0,11277.0,toys,13.0,11277.0
1068,271.0,6.08,5.0,13845.0,TOYS,5.0,13845.0
1069,139.79 Real brasileiro,6.54,9.0,32110.0,health,7.0,32110.0
1070,49.38,58.65,8.0,36810.0,nan,22.0,36810.0
1071,778.0,54.46,0.0,18684.0,technology,3.0,18684.0
1072,2139.99,14.41,0.0,57675.0,technology,1.0,57675.0
1073,2139.99,48.32 R$,6.0,29486.0,SPORTS,7.0,29486.0
1074,7.59 REAIS,22.97,8.0,11085.0,TOYS,5.0,11085.0
1075,966.9,35.75,8.0,35978.0,technology,8.0,35978.0
1076,328.0,47.55,9.0,9465.0,toys,0.0,9465.0
1077,367.0,2.46,11.0,7382.0,FASHION,7.0,7382.0
1078,73.02,69.22,15.0,2129.0,sports,5.0,2129.0
1079,66.9,13.83 Reais,2.0,30241.0,toys,12.0,30241.0
1080,18.76,3.03,0.0,40768.0,technology,1.0,40768.0
1081,519.99,44.16,17.0,59965.0,toys,13.0,59965.0
1082,123.62,6.87,8.0,11767.0,health,17.0,11767.0
1083,236.52,30.69,17.0,39714.0,TOYS,22.0,39714.0
1084,35.79,47.55,9.0,53941.0,fashion,21.0,53941.0
1085,128.99,125.66 r$,6.0,17807.0,sports,13.0,17807.0
1086,411.0,67.26,13.0,31945.0,technology,3.0,31945.0
1087,NO_INFO,10.55,15.0,2396.0,NONES,0.0,2396.0
1088,52.9,24.11,1.0,43044.0,toys,20.0,43044.0
1089,68.1,48.35,2.0,44630.0,toys,8.0,44630.0
1090,188.8,44.4,1.0,63525.0,technology,0.0,63525.0
1091,849.5,53.64,2.0,4620.0,HEALTH,3.0,4620.0
1092,128.99,70.39,2.0,16674.0,health,10.0,16674.0
1093,148.5 R$,146.3,14.0,17446.0,FASHION,5.0,17446.0
1094,18.1,11.87 REAL,1.0,20406.0,FASHION,16.0,20406.0
1095,729.99,47.55,1.0,6577.0,sports,5.0,6577.0
1096,NAN,163.52 REAL BRASILEIRO,4.0,19585.0,FASHION,12.0,19585.0
1097,252.99,38.63,2.0,46058.0,no_info,7.0,46058.0
1098,359.6,49.27,2.0,19273.0,health,24.0,19273.0
1099,198.5,9.21,4.0,50383.0,technology,9.0,50383.0
1100,187.5,52.79,6.0,51550.0,fashion,9.0,51550.0
1101,319.29,16.12,5.0,32182.0,TECHNOLOGY,17.0,32182.0
1102,valores em falta,12.58,6.0,58482.0,n/a,22.0,58482.0
1103,18.04,n/a,14.0,35166.0,fashion,6.0,35166.0
1104,1001.0,2.46 reais,0.0,13676.0,technology,7.0,13676.0
1105,56.89,7.54,4.0,49055.0,sports,1.0,49055.0
1106,2799.65 REAIS,33.35,2.0,37364.0,HEALTH,7.0,37364.0
1107,692.0,46.76,9.0,35814.0,sports,10.0,35814.0
1108,95.03,22.75,5.0,44725.0,TOYS,21.0,44725.0
1109,71.8,15.24 R$,9.0,8793.0,technology,6.0,8793.0
1110,33.41,29.87,1.0,20980.0,fashion,3.0,20980.0
1111,139.79,47.35,0.0,41138.0,technology,17.0,41138.0
1112,17.6,no_info,8.0,27855.0,n/a,11.0,27855.0
1113,107.63,19.96,1.0,57755.0,technology,22.0,57755.0
1114,879.33,7.94,2.0,50128.0,technology,4.0,50128.0
1115,154.0 real,38.78,8.0,39984.0,technology,7.0,39984.0
1116,346.99,35.61,12.0,30823.0,health,17.0,30823.0
1117,11.77 real,110.14,3.0,30566.0,fashion,3.0,30566.0
1118,849.5,44.07,13.0,39654.0,sports,5.0,39654.0
1119,335.99,63.2,4.0,45525.0,technology,8.0,45525.0
1120,112.01,35.95 REAIS,0.0,6623.0,NAN,10.0,6623.0
1121,24.79,82.12,4.0,26642.0,sports,22.0,26642.0
1122,72.4,51.39,12.0,48466.0,toys,17.0,48466.0
1123,2130.0,14.01,8.0,6844.0,toys,22.0,6844.0
1124,175.25,33.03,2.0,27355.0,sports,22.0,27355.0
1125,76.99,10.39,14.0,44474.0,fashion,13.0,44474.0
1126,45.9 REAIS,123.95,4.0,55908.0,FASHION,5.0,55908.0
1127,162.38,20.9,13.0,43505.0,toys,22.0,43505.0
1128,91.33,53.36,12.0,49109.0,toys,7.0,49109.0
1129,18.76,3.03,0.0,40768.0,TECHNOLOGY,1.0,40768.0
1130,399.2,47.55,9.0,53356.0,nan,5.0,53356.0
1131,0.85,31.33,3.0,53243.0,fashion,8.0,53243.0
1132,148.5,37.91,12.0,24626.0,sports,1.0,24626.0
1133,188.8,97.74,16.0,15388.0,SPORTS,17.0,15388.0
1134,475.0,47.55 R$,1.0,28726.0,toys,22.0,28726.0
1135,n/a,valores em falta,9.0,56073.0,n/a,5.0,56073.0
1136,56.89,227.57,8.0,36938.0,TOYS,7.0,36938.0
1137,419.9 R$,116.88 Real brasileiro,7.0,49877.0,health,9.0,49877.0
1138,95.03,60.35 r$,12.0,63145.0,n/a,11.0,63145.0
1139,148.5 R$,146.3,14.0,17446.0,FASHION,5.0,17446.0
1140,518.18,53.29,9.0,44198.0,toys,1.0,44198.0
1141,166.8,17.96,6.0,19348.0,sports,5.0,19348.0
1142,91.3,170.86,6.0,38494.0,fashion,10.0,38494.0
1143,419.9,21.26,0.0,19001.0,health,9.0,19001.0
1144,692.0,11.36,7.0,18.0,HEALTH,1.0,18.0
1145,95.03,15.48,0.0,42073.0,sports,5.0,42073.0
1146,620.1 reais,82.09 r$,10.0,62032.0,fashion,22.0,62032.0
1147,55.83,41.0,6.0,8839.0,HEALTH,3.0,8839.0
1148,nones,25.26,14.0,5372.0,no_info,7.0,5372.0
1149,111.27,19.67,5.0,53671.0,TECHNOLOGY,5.0,53671.0
1150,319.29,214.86,0.0,34624.0,health,9.0,34624.0
1151,749.99,58.14,2.0,54983.0,TECHNOLOGY,3.0,54983.0
1152,42.89,no_info,2.0,14371.0,toys,9.0,14371.0
1153,329.22,6.87,12.0,5726.0,toys,10.0,5726.0
1154,314.8,32.34,9.0,49664.0,technology,8.0,49664.0
1155,99.2 real,19.93,5.0,57669.0,technology,7.0,57669.0
1156,10.6,29.28,12.0,61074.0,TOYS,8.0,61074.0
1157,132.53,19.38,9.0,2984.0,sports,7.0,2984.0
1158,135.13,12.28,12.0,42827.0,sports,12.0,42827.0
1159,N/A,72.67,1.0,53723.0,NAN,23.0,53723.0
1160,278.5,106.77,0.0,52041.0,sports,12.0,52041.0
1161,no_info,valores em falta,3.0,49351.0,n/a,16.0,49351.0
1162,58.1,321.46,15.0,51239.0,sports,17.0,51239.0
1163,106.74,46.76,16.0,2869.0,sports,22.0,2869.0
1164,125.46,45.0,0.0,13435.0,technology,22.0,13435.0
1165,159.9,95.82,17.0,12734.0,toys,18.0,12734.0
1166,889.9,39.6,7.0,25628.0,health,0.0,25628.0
1167,170.7,30.01,17.0,43882.0,TOYS,5.0,43882.0
1168,62.83,36.8 Real,3.0,34848.0,fashion,9.0,34848.0
1169,128.99,69.21,7.0,16824.0,fashion,7.0,16824.0
1170,820.0 reais,33.74,12.0,60060.0,sports,17.0,60060.0
1171,2130.0,75.07,12.0,39505.0,TOYS,19.0,39505.0
1172,24.79,32.34,1.0,52205.0,fashion,5.0,52205.0
1173,212.9 Real,26.14,5.0,33505.0,technology,24.0,33505.0
1174,319.29 real,16.45,2.0,55432.0,health,22.0,55432.0
1175,74.65,6.15 real,0.0,12554.0,technology,11.0,12554.0
1176,42.79,5.41,0.0,41473.0,health,1.0,41473.0
1177,77.08,29.27 Real brasileiro,1.0,34990.0,toys,20.0,34990.0
1178,34.08,19.38,8.0,16446.0,health,3.0,16446.0
1179,nones,nan,1.0,9602.0,valores em falta,3.0,9602.0
1180,58.1,321.46,15.0,51239.0,SPORTS,17.0,51239.0
1181,1029.99,16.06,5.0,20545.0,technology,8.0,20545.0
1182,201.4,14.54,4.0,42547.0,technology,7.0,42547.0
1183,179.38,21.82,1.0,33376.0,sports,9.0,33376.0
1184,127.77,30.24,1.0,24445.0,fashion,3.0,24445.0
1185,35.79,47.55,9.0,53941.0,fashion,21.0,53941.0
1186,33.41,22.47,6.0,19670.0,FASHION,22.0,19670.0
1187,966.9,7.12,9.0,45483.0,technology,1.0,45483.0
1188,28.78,34.33,3.0,56322.0,fashion,23.0,56322.0
1189,820.0,32.34,5.0,15340.0,toys,3.0,15340.0
1190,518.18,89.55,12.0,51968.0,health,3.0,51968.0
1191,76.99,10.39,14.0,44474.0,FASHION,13.0,44474.0
1192,100.0,31.16,10.0,55749.0,FASHION,0.0,55749.0
1193,457.99,NAN,4.0,40065.0,FASHION,22.0,40065.0
1194,123.62,6.87,8.0,11767.0,health,17.0,11767.0
1195,26.77,68.55,14.0,57025.0,fashion,3.0,57025.0
1196,128.99,41.93,10.0,26049.0,fashion,12.0,26049.0
1197,108.64,2.98,15.0,49319.0,sports,9.0,49319.0
1198,26.77,95.42,1.0,22545.0,toys,22.0,22545.0
1199,23.1,42.61,2.0,55435.0,HEALTH,3.0,55435.0
1200,49.38,28.09,5.0,24754.0,technology,10.0,24754.0
1201,692.0,46.76,0.0,7020.0,sports,10.0,7020.0
1202,72.4,51.39,12.0,48466.0,toys,17.0,48466.0
1203,453.7,30.5,13.0,32306.0,toys,4.0,32306.0
1204,97.44,valores em falta,4.0,16783.0,fashion,19.0,16783.0
1205,55.55,17.38,4.0,7401.0,sports,1.0,7401.0
1206,9.95,116.88,9.0,20610.0,fashion,23.0,20610.0
1207,514.0 real,12.28,11.0,56668.0,fashion,16.0,56668.0
1208,161.25,132.94,2.0,31376.0,sports,2.0,31376.0
1209,56.89,38.63,14.0,25341.0,fashion,9.0,25341.0
1210,629.9,24.64,2.0,54133.0,technology,9.0,54133.0
1211,231.27,VALORES EM FALTA,12.0,45895.0,HEALTH,13.0,45895.0
1212,66.0,70.82,10.0,37692.0,fashion,13.0,37692.0
1213,459.99,64.98,6.0,51003.0,HEALTH,10.0,51003.0
1214,549.9,38.58,0.0,12301.0,sports,21.0,12301.0
1215,311.0,46.13,0.0,3572.0,health,3.0,3572.0
1216,49.38,82.93,10.0,17071.0,FASHION,19.0,17071.0
1217,91.3,170.86,6.0,38494.0,fashion,10.0,38494.0
1218,171.9,51.29,2.0,24958.0,technology,6.0,24958.0
1219,820.0,32.34,0.0,41437.0,technology,0.0,41437.0
1220,87.99,6.15,6.0,31589.0,fashion,22.0,31589.0
1221,104.4,126.47,7.0,35418.0,fashion,1.0,35418.0
1222,14.1,12.28,12.0,47429.0,HEALTH,17.0,47429.0
1223,valores em falta,nan,5.0,684.0,n/a,8.0,684.0
1224,34.08,19.38,8.0,16446.0,health,3.0,16446.0
1225,79.8,81.42,3.0,14850.0,technology,7.0,14850.0
1226,128.99,27.36,1.0,44670.0,HEALTH,3.0,44670.0
1227,199.1 reais,23.71,0.0,32082.0,technology,3.0,32082.0
1228,42.89,52.83,0.0,28554.0,fashion,14.0,28554.0
1229,nan,nan,9.0,32222.0,n/a,12.0,32222.0
1230,438.99,49.93,9.0,4819.0,sports,1.0,4819.0
1231,820.05 real,53.29,0.0,9679.0,toys,19.0,9679.0
1232,17.33,18.01,4.0,41115.0,fashion,3.0,41115.0
1233,33.41,29.87,1.0,20980.0,valores em falta,3.0,20980.0
1234,141.4,6.87,2.0,37646.0,sports,0.0,37646.0
1235,2799.65,52.64,8.0,54614.0,technology,20.0,54614.0
1236,95.03 reais,14.25,8.0,50688.0,toys,3.0,50688.0
1237,37.84,21.54,14.0,51520.0,fashion,3.0,51520.0
1238,420.07,30.72,16.0,2134.0,SPORTS,5.0,2134.0
1239,nan,72.67,6.0,11664.0,technology,10.0,11664.0
1240,66.0,12.01,1.0,15665.0,TOYS,10.0,15665.0
1241,394.65,19.65,13.0,11771.0,toys,3.0,11771.0
1242,nan,n/a,14.0,30027.0,fashion,8.0,30027.0
1243,no_info,valores em falta,10.0,17071.0,valores em falta,19.0,17071.0
1244,95.03,22.75,5.0,44725.0,TOYS,21.0,44725.0
1245,117.56,32.34,3.0,19387.0,fashion,7.0,19387.0
1246,1589.0 real brasileiro,67.11,9.0,1718.0,technology,0.0,1718.0
1247,2130.0,133.52,1.0,42496.0,toys,1.0,42496.0
1248,17.6,29.06 reais,7.0,33613.0,fashion,7.0,33613.0
1249,148.5 real brasileiro,65.59,14.0,34637.0,fashion,1.0,34637.0
1250,50.4,no_info,4.0,43312.0,fashion,12.0,43312.0
1251,101.45,11.23,13.0,52348.0,technology,7.0,52348.0
1252,150.82,42.38,6.0,25356.0,health,13.0,25356.0
1253,valores em falta,nan,16.0,52769.0,sports,9.0,52769.0
1254,100.0 real brasileiro,26.02,9.0,14252.0,toys,17.0,14252.0
1255,223.0,32.34 Real,7.0,18901.0,fashion,19.0,18901.0
1256,1079.99,13.5,0.0,59897.0,technology,4.0,59897.0
1257,399.2,20.9,8.0,1129.0,technology,3.0,1129.0
1258,116.6,31.47,1.0,5507.0,health,8.0,5507.0
1259,35.09,79.88,4.0,43930.0,fashion,3.0,43930.0
1260,42.89 r$,63.1,7.0,37400.0,fashion,22.0,37400.0
1261,692.0,6.08,13.0,27701.0,sports,8.0,27701.0
1262,539.92,9.87,15.0,19177.0,nan,0.0,19177.0
1263,153.75,59.68,0.0,32044.0,SPORTS,6.0,32044.0
1264,95.03,89.36,10.0,45190.0,fashion,17.0,45190.0
1265,15.89,30.66,4.0,17862.0,technology,3.0,17862.0
1266,820.05,31.0,9.0,16432.0,sports,8.0,16432.0
1267,640.0,26.52 real brasileiro,5.0,41557.0,toys,20.0,41557.0
1268,231.27 reais,63.86,1.0,24817.0,toys,7.0,24817.0
1269,109.82,13.59,13.0,507.0,toys,7.0,507.0
1270,1514.0,44.11 reais,9.0,37227.0,technology,1.0,37227.0
1271,18.04,7.77,8.0,28847.0,toys,11.0,28847.0
1272,211.91,29.41,1.0,17722.0,technology,16.0,17722.0
1273,159.9,4.24 REAIS,2.0,30402.0,TECHNOLOGY,11.0,30402.0
1274,40.8,26.04,3.0,53746.0,FASHION,3.0,53746.0
1275,125.46,35.01,6.0,22480.0,fashion,17.0,22480.0
1276,949.9 Reais,19.96,9.0,11290.0,fashion,9.0,11290.0
1277,692.0,46.76,12.0,44042.0,HEALTH,21.0,44042.0
1278,394.65,19.65,13.0,11771.0,toys,3.0,11771.0
1279,820.05,133.37,1.0,42480.0,TECHNOLOGY,10.0,42480.0
1280,329.93 real,45.05,0.0,8056.0,technology,22.0,8056.0
1281,367.0,2.46,11.0,7382.0,fashion,7.0,7382.0
1282,966.9,28.77,2.0,20587.0,technology,17.0,20587.0
1283,56.89,55.92,15.0,14576.0,sports,5.0,14576.0
1284,95.03,49.93 REAIS,3.0,2534.0,FASHION,8.0,2534.0
1285,453.7,34.33,8.0,46575.0,TECHNOLOGY,11.0,46575.0
1286,126.69,nan,17.0,47209.0,valores em falta,3.0,47209.0
1287,no_info,nones,13.0,1225.0,nones,10.0,1225.0
1288,18.04,20.33 Reais,9.0,56406.0,fashion,13.0,56406.0
1289,215.94,30.66,13.0,21850.0,health,12.0,21850.0
1290,95.03,59.62,0.0,51495.0,FASHION,10.0,51495.0
1291,514.0 real,12.28,11.0,56668.0,fashion,16.0,56668.0
1292,167.5,2.16,13.0,12542.0,technology,2.0,12542.0
1293,475.0,47.55 r$,1.0,28726.0,toys,22.0,28726.0
1294,509.99,39.68,3.0,15705.0,technology,7.0,15705.0
1295,266.55,50.83,6.0,54387.0,technology,2.0,54387.0
1296,419.9,50.28,4.0,3975.0,fashion,3.0,3975.0
1297,107.63,39.07,0.0,11451.0,toys,4.0,11451.0
1298,509.99,nan,16.0,42432.0,sports,10.0,42432.0
1299,312.89,42.17,1.0,13475.0,FASHION,5.0,13475.0
1300,13.7,23.05 real brasileiro,8.0,22229.0,toys,5.0,22229.0
1301,720.99,72.67,1.0,53723.0,sports,23.0,53723.0
1302,78.73,49.26,0.0,15880.0,TECHNOLOGY,0.0,15880.0
1303,399.2,47.55,15.0,25770.0,SPORTS,1.0,25770.0
1304,10.18 r$,41.54,3.0,57388.0,fashion,7.0,57388.0
1305,189.99,47.61,4.0,22269.0,health,20.0,22269.0
1306,231.27 REAL BRASILEIRO,43.52,1.0,21365.0,FASHION,6.0,21365.0
1307,419.9,89.34,17.0,26757.0,toys,16.0,26757.0
1308,91.33,38.48,0.0,52146.0,toys,21.0,52146.0
1309,NAN,30.66,2.0,48027.0,TECHNOLOGY,22.0,48027.0
1310,820.0,5.59,0.0,40136.0,technology,7.0,40136.0
1311,420.07,41.41,10.0,11511.0,fashion,12.0,11511.0
1312,167.0,89.73,6.0,1351.0,sports,3.0,1351.0
1313,111.27,7.56,13.0,2080.0,technology,10.0,2080.0
1314,114.62,18.79,3.0,58241.0,fashion,17.0,58241.0
1315,151.99,14.59,7.0,60292.0,fashion,20.0,60292.0
1316,58.1,44.73,10.0,57038.0,fashion,7.0,57038.0
1317,309.9,47.55 REAL,1.0,60620.0,FASHION,10.0,60620.0
1318,68.1 real,10.29,1.0,50349.0,health,7.0,50349.0
1319,249.5 r$,50.28,6.0,37892.0,technology,22.0,37892.0
1320,178.99,42.02,5.0,37622.0,TOYS,9.0,37622.0
1321,16.89,16.23,13.0,4500.0,valores em falta,7.0,4500.0
1322,128.99,101.57,8.0,56295.0,HEALTH,4.0,56295.0
1323,620.1 Reais,82.09 R$,10.0,62032.0,fashion,22.0,62032.0
1324,128.65,22.56,13.0,20268.0,HEALTH,24.0,20268.0
1325,71.8,15.24 r$,9.0,8793.0,technology,6.0,8793.0
1326,359.6,22.56,8.0,19827.0,technology,22.0,19827.0
1327,155.44,21.21,8.0,48340.0,technology,5.0,48340.0
1328,128.99,29.07,2.0,6653.0,sports,4.0,6653.0
1329,517.65,40.73,4.0,22071.0,sports,7.0,22071.0
1330,475.0 REAIS,50.28 REAIS,4.0,27195.0,HEALTH,7.0,27195.0
1331,42.89,2.46,4.0,39309.0,health,5.0,39309.0
1332,354.9,11.39,13.0,34682.0,no_info,7.0,34682.0
1333,NO_INFO,N/A,5.0,20194.0,N/A,10.0,20194.0
1334,403.9 REAIS,52.64,1.0,23765.0,TECHNOLOGY,13.0,23765.0
1335,2139.99,48.32 R$,6.0,29486.0,SPORTS,7.0,29486.0
1336,679.0,61.3,9.0,49130.0,sports,3.0,49130.0
1337,89.21,18.4,3.0,56237.0,fashion,15.0,56237.0
1338,403.9 REAL BRASILEIRO,51.45,9.0,11476.0,TECHNOLOGY,1.0,11476.0
1339,95.03,12.58,6.0,58482.0,technology,22.0,58482.0
1340,1590.0,63.79,14.0,2641.0,fashion,20.0,2641.0
1341,304.99 REAL BRASILEIRO,6.87,11.0,24998.0,FASHION,1.0,24998.0
1342,44.95,44.33,13.0,3740.0,TOYS,20.0,3740.0
1343,83.36,47.55,1.0,21522.0,fashion,22.0,21522.0
1344,236.52,19.86,4.0,54300.0,technology,8.0,54300.0
1345,76.6,55.54,0.0,47584.0,FASHION,7.0,47584.0
1346,49.99,82.93,9.0,17565.0,sports,8.0,17565.0
1347,264.5,53.29,1.0,24291.0,toys,5.0,24291.0
1348,87.27,34.33,12.0,45340.0,SPORTS,3.0,45340.0
1349,18.04,111.38,14.0,42127.0,FASHION,15.0,42127.0
1350,399.2,30.66,6.0,41708.0,TECHNOLOGY,2.0,41708.0
1351,92.5,28.79 REAIS,12.0,932.0,SPORTS,1.0,932.0
1352,252.99,38.63,2.0,46058.0,technology,7.0,46058.0
1353,108.64,2.98,15.0,49319.0,sports,9.0,49319.0
1354,55.15,49.27,1.0,61010.0,fashion,1.0,61010.0
1355,50.21,27.2,13.0,17047.0,sports,6.0,17047.0
1356,nones,54.51,14.0,59081.0,nan,1.0,59081.0
1357,167.68,40.33,12.0,20707.0,sports,21.0,20707.0
1358,125.46,19.65,8.0,60731.0,technology,10.0,60731.0
1359,399.2 R$,22.18,1.0,61616.0,technology,13.0,61616.0
1360,223.51 r$,27.2 r$,8.0,6389.0,technology,7.0,6389.0
1361,949.0,26.02,13.0,1594.0,TOYS,21.0,1594.0
1362,692.0,12.61,9.0,57480.0,health,1.0,57480.0
1363,49.38,66.93,10.0,38983.0,fashion,1.0,38983.0
1364,1589.0,38.66 r$,1.0,45344.0,technology,1.0,45344.0
1365,180.54,47.55,2.0,28444.0,toys,20.0,28444.0
1366,36.5,30.66,0.0,23323.0,TOYS,17.0,23323.0
1367,234.89,24.44,1.0,52425.0,TOYS,3.0,52425.0
1368,71.25,90.06,3.0,47698.0,fashion,8.0,47698.0
1369,72.4,13.8,4.0,20536.0,HEALTH,11.0,20536.0
1370,100.0,56.92,7.0,30364.0,fashion,1.0,30364.0
1371,48.99,20.9,6.0,48347.0,technology,6.0,48347.0
1372,453.7,34.33,8.0,46575.0,technology,11.0,46575.0
1373,97.05,47.55,9.0,470.0,fashion,19.0,470.0
1374,159.9,61.53,10.0,22812.0,fashion,10.0,22812.0
1375,274.49,24.23,0.0,36507.0,technology,4.0,36507.0
1376,344.0,22.0,9.0,7595.0,HEALTH,20.0,7595.0
1377,1164.9,23.71,1.0,7778.0,toys,17.0,7778.0
1378,308.5,66.83,15.0,56536.0,sports,4.0,56536.0
1379,95.03 real,4.34,12.0,45058.0,health,1.0,45058.0
1380,692.0,21.65,8.0,17850.0,technology,8.0,17850.0
1381,34.0,107.12,9.0,51817.0,health,13.0,51817.0
1382,nones,nones,9.0,4819.0,nan,1.0,4819.0
1383,50.4,7.94,9.0,51966.0,technology,22.0,51966.0
1384,820.05 real,53.29,0.0,9679.0,toys,19.0,9679.0
1385,NONES,20.91,1.0,40543.0,NONES,14.0,40543.0
1386,517.65,36.72,2.0,60350.0,technology,16.0,60350.0
1387,167.0,50.28,12.0,38209.0,sports,1.0,38209.0
1388,nones,46.76,8.0,19010.0,technology,2.0,19010.0
1389,95.03,38.84,4.0,48913.0,fashion,12.0,48913.0
1390,42.89,38.66,4.0,62618.0,TECHNOLOGY,10.0,62618.0
1391,159.9,61.53,10.0,22812.0,fashion,10.0,22812.0
1392,50.21,78.2,4.0,23284.0,FASHION,3.0,23284.0
1393,nan,valores em falta,12.0,63145.0,n/a,11.0,63145.0
1394,107.63,51.05,1.0,709.0,fashion,10.0,709.0
1395,nan,54.51,14.0,59081.0,valores em falta,1.0,59081.0
1396,148.5,37.91,12.0,24626.0,sports,1.0,24626.0
1397,152.72,30.66,0.0,33422.0,toys,12.0,33422.0
1398,135.13,24.08,7.0,5597.0,fashion,5.0,5597.0
1399,34.36,44.33 real brasileiro,14.0,31521.0,fashion,3.0,31521.0
1400,401.34,36.86,6.0,34473.0,sports,7.0,34473.0
1401,329.2,34.33,15.0,28466.0,sports,2.0,28466.0
1402,692.0,48.82,16.0,41086.0,sports,16.0,41086.0
1403,168.9,47.55,4.0,61946.0,technology,3.0,61946.0
1404,16.89,16.23,13.0,4500.0,TECHNOLOGY,7.0,4500.0
1405,959.99,32.88,1.0,46669.0,TECHNOLOGY,5.0,46669.0
1406,8.8,123.8,4.0,22059.0,fashion,19.0,22059.0
1407,153.75,32.34,3.0,22078.0,toys,21.0,22078.0
1408,78.73,38.98,1.0,27241.0,toys,1.0,27241.0
1409,66.0,20.9,1.0,52377.0,technology,1.0,52377.0
1410,66.0,NAN,10.0,37692.0,FASHION,13.0,37692.0
1411,71.8,61.25,15.0,27914.0,SPORTS,12.0,27914.0
1412,125.46,22.18,9.0,32914.0,technology,2.0,32914.0
1413,VALORES EM FALTA,82.12,4.0,26642.0,SPORTS,22.0,26642.0
1414,87.0,30.24,10.0,19801.0,fashion,15.0,19801.0
1415,314.91,86.34,2.0,44679.0,technology,9.0,44679.0
1416,48.4,69.37 Reais,4.0,8874.0,sports,6.0,8874.0
1417,1122.0,N/A,0.0,57734.0,TECHNOLOGY,7.0,57734.0
1418,249.5 R$,50.28,6.0,37892.0,TECHNOLOGY,22.0,37892.0
1419,117.56,25.26,14.0,5372.0,fashion,7.0,5372.0
1420,712.9,45.86,2.0,1925.0,technology,5.0,1925.0
1421,820.0,38.66,4.0,11216.0,health,8.0,11216.0
1422,122.3,NONES,12.0,41834.0,HEALTH,7.0,41834.0
1423,34.0,12.22,3.0,35321.0,TECHNOLOGY,16.0,35321.0
1424,76.6,70.34,3.0,39356.0,fashion,7.0,39356.0
1425,399.2,55.54,8.0,4131.0,technology,12.0,4131.0
1426,56.89,227.57,9.0,19351.0,technology,21.0,19351.0
1427,nan,67.11,2.0,51687.0,valores em falta,8.0,51687.0
1428,NAN,NO_INFO,0.0,12554.0,NAN,11.0,12554.0
1429,120.38,4.97,4.0,47446.0,technology,7.0,47446.0
1430,1060.0,15.17,1.0,17085.0,technology,10.0,17085.0
1431,2899.0,31.8,1.0,50565.0,toys,12.0,50565.0
1432,395.6,49.16,2.0,31841.0,sports,12.0,31841.0
1433,1589.0 real brasileiro,67.11,9.0,1718.0,technology,0.0,1718.0
1434,692.0,2.75 REAIS,1.0,32347.0,TOYS,5.0,32347.0
1435,128.99,10.33,1.0,11000.0,SPORTS,3.0,11000.0
1436,0.85,82.12,11.0,20580.0,fashion,5.0,20580.0
1437,28.55,133.52,6.0,23487.0,health,1.0,23487.0
1438,274.49,24.23,0.0,36507.0,TECHNOLOGY,4.0,36507.0
1439,49.38,33.74 REAL BRASILEIRO,9.0,10905.0,SPORTS,9.0,10905.0
1440,79.8,17.0 REAIS,12.0,15437.0,TOYS,10.0,15437.0
1441,86.96,6.54,9.0,32533.0,health,19.0,32533.0
1442,640.0,78.84 reais,7.0,15515.0,health,3.0,15515.0
1443,419.9 r$,116.88 real brasileiro,7.0,49877.0,health,9.0,49877.0
1444,nones,74.2,16.0,45823.0,sports,3.0,45823.0
1445,42.89,32.34,1.0,1650.0,sports,6.0,1650.0
1446,319.29,61.74,2.0,49681.0,technology,3.0,49681.0
1447,2899.0,53.29,7.0,10382.0,HEALTH,9.0,10382.0
1448,n/a,50.28,9.0,53950.0,nan,5.0,53950.0
1449,490.9,n/a,12.0,33165.0,sports,5.0,33165.0
1450,65.06,6.08,4.0,21547.0,health,19.0,21547.0
1451,2899.0,31.8,1.0,50565.0,toys,12.0,50565.0
1452,527.9,30.16,5.0,39781.0,TOYS,3.0,39781.0
1453,461.9,12.28,2.0,25006.0,sports,22.0,25006.0
1454,820.0,32.34,6.0,3294.0,fashion,23.0,3294.0
1455,218.9,97.46,6.0,26731.0,fashion,7.0,26731.0
1456,354.9,11.39,13.0,34682.0,toys,7.0,34682.0
1457,319.29 real,16.45,2.0,55432.0,health,22.0,55432.0
1458,0.85,9.49,0.0,55257.0,fashion,1.0,55257.0
1459,639.0,48.35,1.0,35923.0,health,19.0,35923.0
1460,172.99,17.44,4.0,14380.0,health,12.0,14380.0
1461,84.55,9.61,1.0,36249.0,toys,20.0,36249.0
1462,959.99,49.52,9.0,56073.0,technology,5.0,56073.0
1463,156.3,32.34,1.0,1003.0,health,5.0,1003.0
1464,128.99 r$,nones,4.0,54845.0,fashion,15.0,54845.0
1465,128.99,70.39,2.0,16674.0,health,10.0,16674.0
1466,142.14,1.43,4.0,14990.0,technology,7.0,14990.0
1467,820.05,133.37,1.0,42480.0,TECHNOLOGY,10.0,42480.0
1468,475.0,15.67,13.0,6102.0,technology,24.0,6102.0
1469,4099.99,41.41,16.0,57216.0,sports,7.0,57216.0
1470,188.8,97.74,16.0,15388.0,SPORTS,17.0,15388.0
1471,95.03,57.81,0.0,52572.0,health,5.0,52572.0
1472,419.9,70.82,3.0,27054.0,toys,3.0,27054.0
1473,127.77,41.42 R$,1.0,57048.0,fashion,0.0,57048.0
1474,475.0,15.67,13.0,6102.0,technology,24.0,6102.0
1475,145.95,34.33,1.0,4269.0,fashion,1.0,4269.0
1476,31.0,67.11,6.0,14967.0,sports,6.0,14967.0
1477,495.95,29.6,9.0,29633.0,FASHION,17.0,29633.0
1478,14.5,24.23,6.0,61033.0,technology,8.0,61033.0
1479,95.03,56.65,4.0,47739.0,sports,4.0,47739.0
1480,159.9,95.82,17.0,12734.0,toys,18.0,12734.0
1481,68.2 Reais,47.55,13.0,11665.0,health,0.0,11665.0
1482,110.25,3.41 real brasileiro,7.0,24786.0,health,8.0,24786.0
1483,777.0,0.62,1.0,9923.0,technology,9.0,9923.0
1484,699.0,38.66,16.0,2530.0,sports,3.0,2530.0
1485,328.0,47.55,9.0,9465.0,toys,0.0,9465.0
1486,142.0,25.17,12.0,15069.0,TOYS,4.0,15069.0
1487,nan,nones,0.0,34629.0,nones,22.0,34629.0
1488,56.89,50.83 real brasileiro,7.0,46040.0,fashion,3.0,46040.0
1489,330.99,43.34,5.0,31999.0,toys,1.0,31999.0
1490,719.0,140.52,3.0,7106.0,technology,17.0,7106.0
1491,194.0,20.91,1.0,40543.0,fashion,14.0,40543.0
1492,125.46,120.19,3.0,6073.0,toys,10.0,6073.0
1493,217.91,113.01,13.0,13053.0,TOYS,11.0,13053.0
1494,23.95,21.25,4.0,41896.0,health,22.0,41896.0
1495,100.0,56.92,2.0,19987.0,health,19.0,19987.0
1496,123.49,14.43,9.0,14298.0,FASHION,14.0,14298.0
1497,137.88,47.55,13.0,13542.0,valores em falta,8.0,13542.0
1498,142.14,54.51,0.0,28857.0,FASHION,9.0,28857.0
1499,101.75,34.31,6.0,51214.0,health,5.0,51214.0
1500,329.2,valores em falta,15.0,28466.0,sports,2.0,28466.0
1501,89.81,valores em falta,17.0,51603.0,toys,11.0,51603.0
1502,49.38,33.74 real brasileiro,9.0,10905.0,sports,9.0,10905.0
1503,35.35,66.9,9.0,43546.0,toys,1.0,43546.0
1504,42.89 Real brasileiro,47.55,15.0,53111.0,sports,3.0,53111.0
1505,47.33,32.88,0.0,28093.0,n/a,5.0,28093.0
1506,579.75,42.48,2.0,38213.0,SPORTS,17.0,38213.0
1507,145.99,63.1,11.0,36397.0,fashion,17.0,36397.0
1508,95.03,49.93 reais,3.0,2534.0,fashion,8.0,2534.0
1509,692.0,78.42,8.0,18357.0,health,17.0,18357.0
1510,12.8,13.59,5.0,18682.0,toys,19.0,18682.0
1511,59.88,34.33,6.0,33003.0,sports,12.0,33003.0
1512,58.99,12.86,0.0,11874.0,SPORTS,3.0,11874.0
1513,217.91,6.87,8.0,3672.0,TECHNOLOGY,3.0,3672.0
1514,83.88,70.89,6.0,46128.0,valores em falta,10.0,46128.0
1515,58.1,61.25,4.0,47825.0,fashion,0.0,47825.0
1516,231.27 Real brasileiro,43.52,1.0,21365.0,fashion,6.0,21365.0
1517,224.9,104.16,1.0,4637.0,FASHION,8.0,4637.0
1518,95.03,12.58,6.0,58482.0,TECHNOLOGY,22.0,58482.0
1519,308.5,66.83,15.0,56536.0,sports,4.0,56536.0
1520,95.03,14.25,9.0,25581.0,health,24.0,25581.0
1521,42.2,45.41,3.0,37506.0,technology,2.0,37506.0
1522,125.46,120.19,3.0,6073.0,toys,10.0,6073.0
1523,17.6,29.06 reais,7.0,33613.0,fashion,7.0,33613.0
1524,32.54,11.33,9.0,17915.0,sports,12.0,17915.0
1525,692.0,46.76,1.0,20544.0,health,16.0,20544.0
1526,453.7,4.85,6.0,4451.0,sports,16.0,4451.0
1527,nones,nan,13.0,10385.0,valores em falta,17.0,10385.0
1528,23.1,59.62,5.0,48800.0,TOYS,17.0,48800.0
1529,154.0 real,38.78,8.0,39984.0,technology,7.0,39984.0
1530,185.6,21.82,10.0,5266.0,fashion,21.0,5266.0
1531,1164.9,23.71,1.0,7778.0,TOYS,17.0,7778.0
1532,76.99,38.94,3.0,35755.0,fashion,23.0,35755.0
1533,97.88 reais,33.35,6.0,40730.0,technology,5.0,40730.0
1534,nan,nones,7.0,33613.0,no_info,7.0,33613.0
1535,46.2,113.01,7.0,31282.0,fashion,15.0,31282.0
1536,50.21,27.2,13.0,17047.0,sports,6.0,17047.0
1537,692.0,29.07,2.0,45126.0,TECHNOLOGY,11.0,45126.0
1538,223.51,84.65,14.0,10627.0,FASHION,5.0,10627.0
1539,135.13,24.08,7.0,5597.0,fashion,5.0,5597.0
1540,1663.0 r$,9.18,4.0,16530.0,sports,2.0,16530.0
1541,valores em falta,14.54,4.0,42547.0,n/a,7.0,42547.0
1542,279.77,45.57,1.0,41753.0,health,13.0,41753.0
1543,152.72,10.85,4.0,31798.0,sports,6.0,31798.0
1544,30.95,16.93,3.0,28887.0,FASHION,16.0,28887.0
1545,420.07,39.75,2.0,56800.0,toys,13.0,56800.0
1546,111.27,19.67,5.0,53671.0,technology,5.0,53671.0
1547,126.69,32.34,3.0,42247.0,fashion,5.0,42247.0
1548,629.9,24.64,2.0,54133.0,technology,9.0,54133.0
1549,98.44,14.18,13.0,6777.0,toys,5.0,6777.0
1550,692.0 r$,28.69,16.0,26056.0,sports,12.0,26056.0
1551,34.08,no_info,8.0,16446.0,nan,3.0,16446.0
1552,91.33,38.48,1.0,32330.0,fashion,1.0,32330.0
1553,nones,nones,4.0,55148.0,no_info,7.0,55148.0
1554,24.62,11.31,0.0,24304.0,health,6.0,24304.0
1555,2799.65 reais,35.95,9.0,46275.0,health,24.0,46275.0
1556,nan,2.21,1.0,48594.0,health,5.0,48594.0
1557,959.99,NO_INFO,1.0,46669.0,NAN,5.0,46669.0
1558,42.79,3.83,9.0,57475.0,fashion,7.0,57475.0
1559,42.89,47.55,4.0,26247.0,fashion,20.0,26247.0
1560,50.4,44.93,4.0,43312.0,fashion,12.0,43312.0
1561,125.46,20.67,6.0,15240.0,sports,17.0,15240.0
1562,150.82,42.38,6.0,25356.0,health,13.0,25356.0
1563,252.99,32.34,0.0,46353.0,SPORTS,3.0,46353.0
1564,18.04,75.76,6.0,56596.0,fashion,20.0,56596.0
1565,34.0,107.12,9.0,51817.0,HEALTH,13.0,51817.0
1566,89.21,50.28,6.0,292.0,FASHION,15.0,292.0
1567,497.99,32.34,13.0,22463.0,SPORTS,21.0,22463.0
1568,395.6,49.16,2.0,31841.0,sports,12.0,31841.0
1569,108.9,38.63,14.0,21106.0,fashion,0.0,21106.0
1570,223.87,339.59,4.0,47435.0,sports,2.0,47435.0
1571,403.9,70.82 real brasileiro,9.0,49683.0,health,24.0,49683.0
1572,4099.99,64.09,11.0,19738.0,fashion,22.0,19738.0
1573,403.9 Real brasileiro,51.45,9.0,11476.0,technology,1.0,11476.0
1574,89.1,38.15,12.0,9747.0,TOYS,1.0,9747.0
1575,238.64,34.33,0.0,22685.0,toys,21.0,22685.0
1576,18.1,11.87 real,1.0,20406.0,fashion,16.0,20406.0
1577,509.99,37.18,6.0,20502.0,TECHNOLOGY,22.0,20502.0
1578,194.0,14.55,7.0,63408.0,FASHION,14.0,63408.0
1579,231.27,54.42,12.0,45895.0,HEALTH,13.0,45895.0
1580,28.82,38.39,14.0,53013.0,fashion,5.0,53013.0
1581,538.9,71.22,4.0,57872.0,technology,6.0,57872.0
1582,218.36 REAL,NO_INFO,9.0,6553.0,TECHNOLOGY,0.0,6553.0
1583,395.6,59.82,9.0,29501.0,N/A,19.0,29501.0
1584,145.69,47.54,9.0,12328.0,toys,20.0,12328.0
1585,509.99,17.44,0.0,17396.0,TECHNOLOGY,10.0,17396.0
1586,nones,nan,0.0,47584.0,valores em falta,7.0,47584.0
1587,509.99,47.55,0.0,53599.0,technology,24.0,53599.0
1588,127.77,30.24,1.0,24445.0,fashion,3.0,24445.0
1589,48.95,8.52,1.0,43932.0,health,5.0,43932.0
1590,329.2,34.33,15.0,28466.0,sports,2.0,28466.0
1591,42.89 R$,63.1,7.0,37400.0,FASHION,22.0,37400.0
1592,231.27,43.28,9.0,38595.0,fashion,6.0,38595.0
1593,142.14,54.51,0.0,28857.0,fashion,9.0,28857.0
1594,17.68,10.31,9.0,27907.0,fashion,23.0,27907.0
1595,849.5,18.72,12.0,45911.0,toys,24.0,45911.0
1596,56.89 real brasileiro,21.19,2.0,61985.0,sports,10.0,61985.0
1597,889.9,39.6,7.0,25628.0,health,0.0,25628.0
1598,259.91,88.09,12.0,24491.0,toys,13.0,24491.0
1599,106.74,15.95,14.0,46106.0,fashion,0.0,46106.0
1600,7.59 reais,22.97,8.0,11085.0,toys,5.0,11085.0
1601,115.7,6.87,5.0,8653.0,technology,0.0,8653.0
1602,254.9,73.11,1.0,9933.0,fashion,5.0,9933.0
1603,42.89,47.55,11.0,56548.0,fashion,20.0,56548.0
1604,692.0,19.96,9.0,59885.0,FASHION,3.0,59885.0
1605,nones,51.45,9.0,11476.0,nan,1.0,11476.0
1606,155.5,20.9,0.0,42255.0,sports,12.0,42255.0
1607,969.99,no_info,15.0,38083.0,sports,17.0,38083.0
1608,117.56,25.26,14.0,5372.0,FASHION,7.0,5372.0
1609,128.99,41.93,10.0,26049.0,fashion,12.0,26049.0
1610,148.44,7.94,8.0,57563.0,health,12.0,57563.0
1611,91.33,44.68,11.0,9816.0,fashion,5.0,9816.0
1612,83.36,60.07 R$,9.0,54061.0,fashion,17.0,54061.0
1613,252.99,32.34,0.0,46353.0,SPORTS,3.0,46353.0
1614,113.25,71.9,3.0,25443.0,FASHION,13.0,25443.0
1615,395.6,59.82,9.0,29501.0,TOYS,19.0,29501.0
1616,145.69,47.54,9.0,12328.0,TOYS,20.0,12328.0
1617,48.99,21.98,13.0,29335.0,SPORTS,5.0,29335.0
1618,145.99,161.82,4.0,39446.0,fashion,5.0,39446.0
1619,220.33,44.26,3.0,50246.0,fashion,14.0,50246.0
1620,136.9,37.16,3.0,45423.0,technology,9.0,45423.0
1621,120.38,4.97,4.0,47446.0,technology,7.0,47446.0
1622,692.0,2.75 r$,6.0,39311.0,fashion,0.0,39311.0
1623,403.9 Reais,52.64,1.0,23765.0,technology,13.0,23765.0
1624,76.99,38.94,3.0,35755.0,FASHION,23.0,35755.0
1625,215.5,20.26,2.0,190.0,sports,9.0,190.0
1626,167.0,50.28,12.0,38209.0,SPORTS,1.0,38209.0
1627,128.99,69.21,3.0,58702.0,fashion,21.0,58702.0
1628,NONES,67.42,11.0,17939.0,FASHION,9.0,17939.0
1629,77.07,21.31,8.0,38044.0,technology,12.0,38044.0
1630,56.89,45.85 r$,0.0,57421.0,technology,3.0,57421.0
1631,314.8,32.34,9.0,49664.0,technology,8.0,49664.0
1632,75.25,42.06 reais,6.0,50536.0,technology,21.0,50536.0
1633,509.99,47.55,12.0,4821.0,toys,19.0,4821.0
1634,34.0,37.42 reais,0.0,14382.0,fashion,10.0,14382.0
1635,335.99,18.56,4.0,44361.0,technology,3.0,44361.0
1636,15.9,10.56,17.0,32076.0,toys,11.0,32076.0
1637,113.25,71.9,3.0,25443.0,fashion,13.0,25443.0
1638,234.89,24.44,1.0,52425.0,toys,3.0,52425.0
1639,32.8,20.77,4.0,45760.0,technology,8.0,45760.0
1640,28.55,163.52,9.0,18838.0,technology,4.0,18838.0
1641,1158.25,47.55,0.0,5340.0,TECHNOLOGY,12.0,5340.0
1642,42.89,32.34,8.0,12846.0,toys,10.0,12846.0
1643,valores em falta,nones,4.0,5966.0,sports,5.0,5966.0
1644,48.65,58.88 r$,13.0,61263.0,nones,5.0,61263.0
1645,28.55,38.6,7.0,58804.0,health,7.0,58804.0
1646,1514.0,44.11 reais,9.0,37227.0,technology,1.0,37227.0
1647,77.08,20.67,9.0,7458.0,sports,23.0,7458.0
1648,95.03,37.68,7.0,56617.0,fashion,14.0,56617.0
1649,18.04,7.77,8.0,28847.0,TOYS,11.0,28847.0
1650,1164.9,20.51,2.0,49465.0,technology,2.0,49465.0
1651,no_info,no_info,1.0,55998.0,nan,3.0,55998.0
1652,292.9,125.78,10.0,26175.0,FASHION,23.0,26175.0
1653,849.5,39.7 Reais,6.0,23140.0,technology,7.0,23140.0
1654,13.97,37.33,14.0,27762.0,fashion,7.0,27762.0
1655,42.2,45.41,3.0,37506.0,technology,2.0,37506.0
1656,126.69,47.55 reais,3.0,49863.0,fashion,7.0,49863.0
1657,valores em falta,n/a,9.0,8366.0,toys,8.0,8366.0
1658,820.05,44.87,9.0,25658.0,toys,16.0,25658.0
1659,116.11 R$,5.59,13.0,46687.0,technology,17.0,46687.0
1660,89.1,12.0,1.0,26031.0,health,1.0,26031.0
1661,378.98,23.6,2.0,54025.0,technology,1.0,54025.0
1662,nan,no_info,0.0,11451.0,n/a,4.0,11451.0
1663,128.99,9.84,4.0,14099.0,technology,9.0,14099.0
1664,44.98 Real brasileiro,47.55,7.0,33043.0,fashion,7.0,33043.0
1665,111.27,16.59,16.0,47921.0,sports,3.0,47921.0
1666,48.99,32.34,8.0,22540.0,technology,13.0,22540.0
1667,86.96,6.54,9.0,32533.0,health,19.0,32533.0
1668,849.5,44.07,13.0,39654.0,sports,5.0,39654.0
1669,94.88,56.66,12.0,17393.0,HEALTH,7.0,17393.0
1670,n/a,6.08,1.0,60279.0,sports,7.0,60279.0
1671,266.55,50.83,6.0,54387.0,technology,2.0,54387.0
1672,319.29,339.59,2.0,31462.0,toys,20.0,31462.0
1673,188.8,14.0,16.0,42939.0,SPORTS,13.0,42939.0
1674,358.8 R$,12.35,1.0,20008.0,health,3.0,20008.0
1675,107.63,31.94,7.0,11275.0,fashion,10.0,11275.0
1676,0.85,11.39,4.0,9584.0,technology,11.0,9584.0
1677,0.85,6.87,4.0,55250.0,fashion,10.0,55250.0
1678,113.1,30.99 REAL,9.0,51347.0,FASHION,9.0,51347.0
1679,779.9,34.33,9.0,17256.0,technology,24.0,17256.0
1680,109.82,29.68,6.0,46364.0,fashion,6.0,46364.0
1681,100.0,56.92,7.0,30364.0,fashion,1.0,30364.0
1682,159.9 real,39.95,1.0,35249.0,fashion,1.0,35249.0
1683,17.6,26.23,11.0,5113.0,fashion,14.0,5113.0
1684,71.8,61.25,15.0,27914.0,sports,12.0,27914.0
1685,15.27,89.55,1.0,12408.0,fashion,7.0,12408.0
1686,nones,nan,1.0,60786.0,nan,12.0,60786.0
1687,966.9,7.12,9.0,45483.0,technology,1.0,45483.0
1688,720.99,72.67,1.0,53723.0,sports,23.0,53723.0
1689,12.8,13.59,5.0,18682.0,toys,19.0,18682.0
1690,15.27,89.55,1.0,12408.0,FASHION,7.0,12408.0
1691,2700.0,24.97,0.0,29299.0,TECHNOLOGY,1.0,29299.0
1692,44.98 REAL BRASILEIRO,47.55,7.0,33043.0,FASHION,7.0,33043.0
1693,419.9 REAL,15.93,4.0,37660.0,SPORTS,17.0,37660.0
1694,182.9,36.51 Reais,2.0,53550.0,health,6.0,53550.0
1695,89.91,34.33,9.0,29673.0,health,21.0,29673.0
1696,234.83,48.58,12.0,39409.0,SPORTS,17.0,39409.0
1697,84.55,9.61,1.0,36249.0,TOYS,20.0,36249.0
1698,107.63,39.07,0.0,11451.0,TOYS,4.0,11451.0
1699,44.63,70.82,13.0,9422.0,SPORTS,13.0,9422.0
1700,26.77,20.81,8.0,55086.0,TECHNOLOGY,21.0,55086.0
1701,330.99,43.34,5.0,31999.0,toys,1.0,31999.0
1702,53.65,61.02,4.0,11241.0,fashion,3.0,11241.0
1703,341.4,55.54,6.0,6033.0,sports,23.0,6033.0
1704,0.85,6.87,4.0,55250.0,fashion,10.0,55250.0
1705,224.9,11.4,0.0,42339.0,health,5.0,42339.0
1706,273.0 R$,68.02,5.0,38479.0,technology,5.0,38479.0
1707,53.65,61.02,4.0,11241.0,fashion,3.0,11241.0
1708,99.35 REAL,46.87,0.0,1659.0,FASHION,1.0,1659.0
1709,1589.0,20.9,6.0,22960.0,technology,9.0,22960.0
1710,VALORES EM FALTA,NAN,3.0,20846.0,VALORES EM FALTA,10.0,20846.0
1711,95.03,49.93,11.0,28941.0,FASHION,23.0,28941.0
1712,106.74,46.76,16.0,2869.0,sports,22.0,2869.0
1713,145.99,10.85,9.0,28398.0,technology,1.0,28398.0
1714,403.9,70.82 REAL BRASILEIRO,9.0,49683.0,HEALTH,24.0,49683.0
1715,750.0,64.93,1.0,25290.0,technology,1.0,25290.0
1716,40.8,48.1,6.0,302.0,health,12.0,302.0
1717,319.29,16.12,5.0,32182.0,TECHNOLOGY,17.0,32182.0
1718,399.2 r$,2.46,3.0,12781.0,fashion,10.0,12781.0
1719,514.0,32.83,6.0,48365.0,technology,3.0,48365.0
1720,n/a,30.66,12.0,4374.0,nan,8.0,4374.0
1721,239.8,69.82,8.0,60166.0,health,8.0,60166.0
1722,87.27,34.33,12.0,45340.0,sports,3.0,45340.0
1723,497.99,32.34,13.0,22463.0,sports,21.0,22463.0
1724,172.99,17.44,4.0,14380.0,HEALTH,12.0,14380.0
1725,40.8,26.04,3.0,53746.0,FASHION,3.0,53746.0
1726,399.2,50.15,15.0,1934.0,SPORTS,3.0,1934.0
1727,30.95,16.93,3.0,28887.0,fashion,16.0,28887.0
1728,265.9,47.32,2.0,13497.0,N/A,1.0,13497.0
1729,89.21 real brasileiro,38.66,3.0,19272.0,fashion,5.0,19272.0
1730,116.9,23.9,8.0,28291.0,technology,5.0,28291.0
1731,95.03,14.25,17.0,60386.0,toys,12.0,60386.0
1732,523.19,6.87,9.0,47740.0,health,1.0,47740.0
1733,820.0 reais,33.74,12.0,60060.0,sports,17.0,60060.0
1734,N/A,61.32,14.0,11006.0,FASHION,10.0,11006.0
1735,107.63 Real brasileiro,26.02,10.0,37623.0,fashion,14.0,37623.0
1736,106.74,46.71,6.0,1212.0,FASHION,21.0,1212.0
1737,258.99,49.26,9.0,25099.0,nan,10.0,25099.0
1738,515.0,59.82 real brasileiro,14.0,46796.0,fashion,16.0,46796.0
1739,399.2,20.9,8.0,1129.0,TECHNOLOGY,3.0,1129.0
1740,145.99,11.33,6.0,62504.0,health,11.0,62504.0
1741,nones,valores em falta,5.0,41557.0,toys,20.0,41557.0
1742,222.98,69.96,14.0,7460.0,FASHION,20.0,7460.0
1743,42.3,101.63,7.0,28177.0,fashion,9.0,28177.0
1744,778.0,54.46,0.0,18684.0,technology,3.0,18684.0
1745,19.79,68.88,0.0,24907.0,fashion,0.0,24907.0
1746,59.88,34.33,6.0,33003.0,sports,12.0,33003.0
1747,68.1,38.23,13.0,48893.0,technology,6.0,48893.0
1748,144.97,34.33,1.0,50341.0,technology,1.0,50341.0
1749,38.94,29.69 reais,0.0,55669.0,fashion,5.0,55669.0
1750,0.85,58.65 Real,6.0,61453.0,fashion,3.0,61453.0
1751,28.82,62.33 Reais,15.0,7321.0,sports,13.0,7321.0
1752,122.3,35.74,12.0,41834.0,health,7.0,41834.0
1753,395.6,N/A,7.0,27603.0,HEALTH,7.0,27603.0
1754,56.89,7.56,0.0,40511.0,fashion,6.0,40511.0
1755,71.99,40.27,2.0,42750.0,technology,17.0,42750.0
1756,89.56,N/A,9.0,43001.0,NAN,13.0,43001.0
1757,3.5,nan,1.0,43724.0,fashion,20.0,43724.0
1758,113.3,91.24,0.0,40059.0,health,11.0,40059.0
1759,220.99,47.86,13.0,55223.0,toys,13.0,55223.0
1760,152.72,30.66,0.0,33422.0,TOYS,12.0,33422.0
1761,1102.39,57.81,9.0,41025.0,health,3.0,41025.0
1762,777.0,0.62,1.0,9923.0,no_info,9.0,9923.0
1763,789.89,32.34,12.0,26732.0,SPORTS,8.0,26732.0
1764,257.6,2.46 REAL BRASILEIRO,8.0,40518.0,TECHNOLOGY,24.0,40518.0
1765,564.99,47.55,3.0,20319.0,technology,2.0,20319.0
1766,95.03,56.65,8.0,55089.0,TOYS,10.0,55089.0
1767,254.9,73.11,1.0,9933.0,NONES,5.0,9933.0
1768,114.89 Real,82.44,12.0,46525.0,toys,9.0,46525.0
1769,509.5,34.45,10.0,61739.0,FASHION,13.0,61739.0
1770,144.97,34.33,6.0,59169.0,technology,16.0,59169.0
1771,125.46,19.65,8.0,60731.0,TECHNOLOGY,10.0,60731.0
1772,95.03,59.62,0.0,51495.0,fashion,10.0,51495.0
1773,28.82,30.5,4.0,18476.0,FASHION,5.0,18476.0
1774,68.0,6.87,12.0,1506.0,health,10.0,1506.0
1775,22.3,12.06,10.0,59434.0,fashion,3.0,59434.0
1776,128.99,no_info,1.0,44670.0,health,3.0,44670.0
1777,N/A,NONES,6.0,48365.0,TECHNOLOGY,3.0,48365.0
1778,728.0,37.8 R$,6.0,32401.0,sports,5.0,32401.0
1779,127.77,2.46,8.0,53358.0,technology,11.0,53358.0
1780,438.99 real brasileiro,17.14,8.0,54997.0,technology,11.0,54997.0
1781,129.7,83.1 r$,4.0,42465.0,fashion,13.0,42465.0
1782,548.0,38.39,2.0,44731.0,health,5.0,44731.0
1783,218.9,97.46,6.0,26731.0,fashion,7.0,26731.0
1784,820.0,23.71,6.0,33623.0,fashion,21.0,33623.0
1785,137.88,29.05,9.0,56445.0,sports,4.0,56445.0
1786,109.82,77.92,17.0,17671.0,TOYS,1.0,17671.0
1787,117.56,27.68 r$,0.0,22672.0,health,5.0,22672.0
1788,n/a,34.33,2.0,29269.0,health,24.0,29269.0
1789,475.0,161.82,5.0,32521.0,toys,5.0,32521.0
1790,26.77 Real,49.05 Reais,1.0,9273.0,fashion,17.0,9273.0
1791,32.54,11.33,9.0,17915.0,sports,12.0,17915.0
1792,77.08,20.67,9.0,7458.0,sports,23.0,7458.0
1793,66.0,20.9,1.0,52377.0,TECHNOLOGY,1.0,52377.0
1794,126.69,47.55,2.0,21207.0,technology,10.0,21207.0
1795,95.03,15.48,0.0,42073.0,sports,5.0,42073.0
1796,nones,nan,4.0,61250.0,n/a,3.0,61250.0
1797,45.83,24.79,7.0,36200.0,health,17.0,36200.0
1798,34.36,44.33 real brasileiro,14.0,31521.0,fashion,3.0,31521.0
1799,432.0,47.55,7.0,2835.0,FASHION,3.0,2835.0
1800,77.08,29.27 real brasileiro,1.0,34990.0,toys,20.0,34990.0
